Timestamp [s],Angular position [turns],Angular velocity [turns/s],Torque [Nm],Linear position [m],Linear speed [m/s],Voltage [V],Current [A],Reference x_ref [m],Estimated plane position [m],Estimated plane velocity [m/s],Reference velocity [m/s],x ArUco [m],y ArUco [m],z ArUco [m],roll ArUco [deg],pitch ArUco [deg],yaw ArUco [deg]
10.31,-0.0,-0.024,-0.028,-0.0,-0.003,31.195,-1.013,-0.0,0.0,0.0,0.0,,,,,,
10.387,-0.0,-0.031,-0.026,-0.0,-0.004,31.173,-0.921,-0.0,0.0,0.0,0.0,,,,,,
10.483,-0.0,0.017,-0.024,-0.0,0.002,31.166,-1.111,-0.0,0.0,0.0,0.0,,,,,,
10.581,-0.0,-0.018,-0.027,-0.0,-0.002,31.147,-1.334,-0.0,0.0,0.0,0.0,,,,,,
10.718,0.0,-0.033,-0.033,0.0,-0.004,31.177,-1.019,0.0,0.0,0.0,0.0,,,,,,
10.819,-0.0,0.017,-0.029,-0.0,0.002,31.152,-1.243,-0.0,0.0,0.0,0.0,,,,,,
10.922,-0.0,-0.018,-0.029,-0.0,-0.002,31.152,-1.172,-0.0,0.0,0.0,0.0,,,,,,
11.019,-0.0,-0.025,-0.023,-0.0,-0.003,31.161,-1.278,-0.0,0.0,0.0,0.0,,,,,,
11.119,-0.0,0.013,-0.025,-0.0,0.002,31.163,-1.041,-0.0,0.0,0.0,0.0,,,,,,
11.222,-0.0,-0.016,-0.028,-0.0,-0.002,31.173,-1.241,-0.0,0.0,0.0,0.0,,,,,,
11.317,-0.0,-0.01,-0.029,-0.0,-0.001,31.159,-1.044,48.599,0.0,0.0,13.822,,,,,,
11.421,0.0,0.061,-0.087,0.0,0.008,31.157,-3.867,48.599,0.0,0.0,14.0,,,,,,
11.514,0.197,4.328,-0.317,0.025,0.551,30.985,-9.599,48.599,0.0,0.0,14.0,,,,,,
11.613,0.922,9.133,-0.329,0.117,1.162,30.855,-11.752,48.599,0.0,0.0,14.0,,,,,,
11.719,2.113,14.057,-0.229,0.269,1.789,30.766,-8.046,48.599,0.0,0.0,14.0,,,,,,
11.82,3.765,18.894,-0.241,0.479,2.404,30.636,-9.288,48.599,0.0,0.0,14.0,,,,,,
11.921,5.866,23.785,-0.216,0.746,3.026,30.583,-10.44,48.599,0.0,0.0,14.0,,,,,,
12.022,8.414,27.737,-0.276,1.071,3.529,30.378,-12.377,48.599,0.0,0.0,14.0,,,,,,
12.121,11.412,32.867,-0.186,1.452,4.182,30.293,-12.956,48.599,0.0,0.0,14.0,,,,,,
12.221,14.853,38.364,-0.17,1.89,4.881,30.156,-6.776,48.599,0.0,0.0,14.0,,,,,,
12.321,18.747,40.725,-0.326,2.385,5.182,29.811,-9.268,48.599,0.0,0.0,14.0,,,,,,
12.421,23.107,44.217,-0.41,2.94,5.626,29.619,-17.545,48.599,0.0,0.0,14.0,,,,,,
12.52,27.91,51.331,-0.266,3.551,6.531,29.594,-9.226,48.599,0.0,0.0,14.0,,,,,,
12.618,33.165,53.335,-0.424,4.22,6.786,29.313,-14.405,48.599,0.0,0.0,14.0,,,,,,
12.716,38.874,60.058,-0.344,4.946,7.641,29.206,-9.601,48.599,0.0,0.0,14.0,,,,,,
12.819,45.037,63.621,-0.254,5.73,8.095,29.119,-13.336,48.599,0.0,0.0,14.0,,,,,,
12.917,51.65,66.901,-0.284,6.572,8.512,28.982,-14.989,48.599,0.0,0.0,14.0,,,,,,
13.016,58.706,71.49,-0.363,7.469,9.096,28.644,-16.5,48.599,0.0,0.0,14.0,,,,,,
13.115,66.221,76.54,-0.35,8.426,9.739,28.502,-15.528,48.599,0.0,0.0,14.0,,,,,,
13.216,74.268,81.406,-0.403,9.449,10.358,28.212,-14.025,48.599,0.0,0.0,14.0,,,,,,
13.317,82.686,84.762,-0.319,10.521,10.785,28.139,-17.748,48.599,0.0,0.0,14.0,,,,,,
13.419,91.561,90.199,-0.25,11.65,11.476,28.255,-14.202,48.599,0.0,0.0,14.0,,,,,,
13.517,100.882,95.977,-0.438,12.836,12.212,27.872,-9.066,48.599,0.0,0.0,14.0,,,,,,
13.617,110.655,98.161,-0.292,14.079,12.49,27.623,-18.826,48.599,0.0,0.0,14.0,,,,,,
13.718,120.872,104.814,-0.45,15.379,13.336,27.52,-8.135,48.599,0.0,0.0,14.0,,,,,,
13.818,131.405,107.483,-0.394,16.719,13.676,27.924,-5.677,48.599,0.0,0.0,14.0,,,,,,
13.917,142.117,107.072,-0.109,18.082,13.623,28.217,-17.431,48.599,0.0,0.0,14.0,,,,,,
14.019,152.978,110.006,-0.154,19.464,13.997,28.644,-8.418,48.599,0.0,0.0,14.0,,,,,,
14.115,163.952,111.123,-0.215,20.86,14.139,28.783,-5.988,48.599,0.0,0.0,14.0,,,,,,
14.218,175.018,111.448,-0.097,22.268,14.18,28.998,-10.257,48.599,0.0,0.0,14.0,,,,,,
14.316,186.144,110.878,-0.077,23.684,14.107,28.55,-12.996,48.599,0.0,0.0,14.0,,,,,,
14.416,197.268,109.581,-0.067,25.099,13.942,29.679,1.93,48.599,0.0,0.0,14.0,,,,,,
14.514,207.994,105.336,0.169,26.464,13.402,31.454,2.739,48.599,0.0,0.0,14.0,,,,,,
14.616,218.274,101.03,-0.008,27.772,12.854,30.894,2.849,48.599,31.372,0.0,14.0,-3.6,0.29,6.62,163.4,-6.5,-93.6
14.714,228.219,97.357,0.006,29.037,12.387,30.704,-0.329,48.599,31.347,0.0,14.0,-2.31,0.34,6.6,-136.5,0.5,-90.3
14.813,237.862,95.289,-0.011,30.264,12.124,30.798,3.396,48.599,31.194,0.0,14.0,-0.93,0.35,6.36,-171.8,-16.3,-96.1
14.914,247.293,92.254,-0.032,31.464,11.738,30.64,1.438,48.599,31.104,0.0,14.0,0.36,0.38,6.28,171.0,-4.0,-95.8
15.011,256.316,89.279,-0.033,32.612,11.359,30.768,2.698,48.599,30.992,0.0,14.0,1.62,0.44,6.53,150.6,-8.0,-95.7
15.11,265.03,86.082,0.074,33.721,10.953,31.061,1.069,48.599,30.871,0.0,14.0,2.85,0.5,6.72,-172.7,-8.1,-96.2
15.21,273.426,83.343,0.016,34.789,10.604,30.992,3.305,48.599,30.829,0.0,14.0,3.96,0.53,6.85,108.5,-8.0,-99.0
15.309,281.511,79.449,0.057,35.818,10.109,31.097,0.472,48.599,30.829,0.0,14.0,,,,,,
15.409,289.288,76.335,0.01,36.807,9.712,30.953,2.471,48.599,30.829,0.0,14.0,,,,,,
15.507,296.744,72.031,-0.001,37.756,9.165,30.988,0.977,48.599,30.829,0.0,14.0,,,,,,
15.609,303.892,71.048,0.039,38.666,9.04,31.058,2.985,48.599,30.829,0.0,14.0,,,,,,
15.708,310.722,65.361,0.006,39.535,8.316,30.994,0.907,48.599,30.829,0.0,14.0,,,,,,
15.809,317.242,63.814,0.032,40.364,8.119,31.061,1.32,48.599,30.829,0.0,14.0,,,,,,
15.908,323.452,60.781,0.031,41.154,7.733,31.056,0.703,48.599,30.829,0.0,14.0,,,,,,
16.009,329.346,58.089,0.044,41.904,7.391,31.104,2.743,48.599,30.829,0.0,14.0,,,,,,
16.111,334.929,56.154,0.112,42.615,7.145,31.179,4.591,48.599,30.829,0.0,14.0,,,,,,
16.209,340.196,50.05,0.0,43.285,6.368,31.086,0.989,48.599,30.829,0.0,14.0,,,,,,
16.309,345.153,46.653,0.024,43.915,5.936,31.093,0.877,48.599,30.829,0.0,14.0,,,,,,
16.409,349.792,45.328,0.054,44.506,5.767,31.129,4.044,48.599,30.829,0.0,14.0,,,,,,
16.509,354.126,40.491,-0.001,45.057,5.152,31.118,1.479,48.599,30.829,0.0,14.0,,,,,,
16.608,358.145,37.873,0.048,45.568,4.819,31.152,1.096,48.599,30.829,0.0,14.0,,,,,,
16.708,361.847,36.506,0.092,46.039,4.645,31.173,5.18,48.599,30.829,0.0,14.0,,,,,,
16.81,365.272,32.665,0.035,46.475,4.156,31.12,2.926,48.599,30.829,0.0,14.0,,,,,,
16.911,368.351,29.896,0.089,46.867,3.804,31.136,3.284,48.599,30.829,0.0,14.0,,,,,,
17.009,371.114,25.201,0.026,47.218,3.206,31.07,1.251,48.599,30.829,0.0,14.0,,,,,,
17.108,373.563,22.115,0.03,47.53,2.814,31.079,0.493,48.599,30.829,0.0,14.0,,,,,,
17.209,375.699,19.972,0.077,47.802,2.541,31.122,2.826,48.599,30.829,0.0,14.0,,,,,,
17.308,377.528,16.331,0.028,48.035,2.078,31.109,0.94,48.599,30.829,0.0,14.0,,,,,,
17.409,379.039,13.041,0.021,48.227,1.659,31.086,1.081,48.599,30.829,0.0,14.0,,,,,,
17.508,380.237,10.68,0.075,48.379,1.359,31.084,2.835,48.599,30.829,0.0,14.0,,,,,,
17.606,381.124,7.148,0.05,48.492,0.91,31.068,1.891,48.599,30.829,0.0,14.0,,,,,,
17.709,381.693,4.188,0.063,48.564,0.533,31.047,1.696,48.599,30.829,0.0,14.0,,,,,,
17.81,381.968,1.087,0.076,48.6,0.138,31.04,1.985,48.599,30.829,0.0,14.0,,,,,,
17.905,381.946,-0.322,-0.029,48.597,-0.041,31.038,-1.011,48.599,30.829,0.0,14.0,,,,,,
18.004,381.944,0.103,0.008,48.597,0.013,31.045,0.197,48.599,30.829,0.0,14.0,,,,,,
18.101,381.943,0.028,-0.009,48.596,0.004,31.022,-0.047,48.599,30.829,0.0,14.0,,,,,,
18.202,381.944,0.018,-0.008,48.596,0.002,31.031,-0.288,48.599,30.829,0.0,14.0,,,,,,
18.307,381.944,0.032,-0.013,48.596,0.004,31.031,-0.691,48.599,30.829,0.0,14.0,,,,,,
18.406,381.945,0.031,-0.018,48.597,0.004,31.052,-0.329,48.599,30.829,0.0,14.0,,,,,,
18.511,381.945,0.028,-0.022,48.597,0.004,31.036,-0.605,48.599,30.829,0.0,14.0,,,,,,
18.605,381.945,-0.005,-0.03,48.597,-0.001,31.054,-0.752,48.599,30.829,0.0,14.0,,,,,,
18.706,381.945,0.013,-0.028,48.597,0.002,31.036,-0.933,48.599,30.829,0.0,14.0,,,,,,
18.806,381.945,-0.012,-0.023,48.597,-0.002,31.022,-1.294,48.599,30.829,0.0,14.0,,,,,,
18.906,381.946,0.006,-0.026,48.597,0.001,31.045,-0.988,48.599,30.829,0.0,14.0,,,,,,
19.004,381.946,0.008,-0.035,48.597,0.001,31.049,-1.251,48.599,30.829,0.0,14.0,,,,,,
19.104,381.946,0.031,-0.039,48.597,0.004,31.056,-1.438,48.597,30.829,0.0,0.0,,,,,,
19.202,381.946,0.013,-0.035,48.597,0.002,31.047,-1.619,0,30.829,0.0,14.0,,,,,,
19.304,381.944,-0.385,0.111,48.596,-0.049,31.04,4.653,0,30.829,0.0,14.0,,,,,,
19.404,381.724,-4.984,0.38,48.569,-0.634,30.775,16.642,0,30.829,0.0,14.0,,,,,,
19.506,380.909,-10.897,0.308,48.465,-1.387,30.67,12.779,0,30.829,0.0,14.0,,,,,,
19.606,379.612,-14.708,0.322,48.3,-1.871,30.528,11.74,0,30.829,0.0,14.0,,,,,,
19.71,377.875,-20.094,0.213,48.079,-2.557,30.48,11.459,0,30.829,0.0,14.0,,,,,,
19.812,375.696,-23.316,0.38,47.801,-2.967,30.202,17.169,0,30.829,0.0,14.0,,,,,,
19.909,373.069,-28.208,0.342,47.467,-3.589,30.094,11.803,0,30.829,0.0,14.0,,,,,,
20.011,369.987,-32.734,0.303,47.075,-4.165,29.973,8.123,0,30.829,0.0,14.0,,,,,,
20.11,366.457,-37.21,0.31,46.626,-4.734,29.779,10.398,0,30.829,0.0,14.0,,,,,,
20.21,362.474,-40.687,0.426,46.119,-5.177,29.548,12.308,0,30.829,0.0,14.0,,,,,,
20.312,358.034,-45.323,0.427,45.554,-5.767,29.414,14.449,0,30.829,0.0,14.0,,,,,,
20.413,353.091,-50.536,0.288,44.925,-6.43,29.363,14.82,0,30.829,0.0,14.0,,,,,,
20.511,347.742,-57.106,0.255,44.245,-7.266,29.395,9.709,0,30.829,0.0,14.0,,,,,,
20.613,341.951,-59.416,0.309,43.508,-7.56,29.05,13.926,0,30.829,0.0,14.0,,,,,,
20.713,335.699,-65.616,0.202,42.712,-8.349,29.101,12.107,0,30.829,0.0,14.0,,,,,,
20.813,329.004,-68.052,0.343,41.861,-8.659,28.763,15.834,0,30.829,0.0,14.0,,,,,,
20.912,321.856,-74.734,0.39,40.951,-9.509,28.495,9.638,0,30.829,0.0,14.0,,,,,,
21.012,314.25,-79.054,0.359,39.983,-10.058,28.514,11.868,0,30.829,0.0,14.0,,,,,,
21.113,306.198,-83.083,0.305,38.959,-10.571,28.395,11.987,0,30.829,0.0,14.0,,,,,,
21.211,297.693,-88.013,0.238,37.877,-11.198,28.345,11.054,0,30.829,0.0,14.0,,,,,,
21.313,288.742,-93.06,0.311,36.738,-11.84,28.123,8.625,0,30.829,0.0,14.0,,,,,,
21.412,279.337,-96.93,0.503,35.541,-12.333,27.634,9.491,0,30.829,0.0,14.0,,,,,,
21.512,269.478,-99.748,0.338,34.287,-12.691,27.323,16.359,0,30.829,0.0,14.0,,,,,,
21.612,259.17,-105.287,0.257,32.975,-13.396,27.931,11.097,0,29.485,0.0,14.0,3.49,0.64,6.76,-167.5,-7.7,-96.5
21.712,248.535,-106.491,0.124,31.622,-13.549,27.86,18.64,0,29.612,0.0,14.0,2.01,0.59,6.31,137.6,-6.5,-97.2
21.814,237.691,-109.997,0.181,30.243,-13.995,28.415,7.537,0,29.633,0.0,14.0,0.61,0.59,6.22,156.6,-9.4,-94.6
21.917,226.695,-111.523,0.147,28.843,-14.19,28.628,7.435,0,29.673,0.0,14.0,-0.83,0.62,6.17,169.4,-6.5,-94.1
22.02,215.594,-110.906,0.027,27.431,-14.111,28.692,12.742,0,29.811,0.0,14.0,-2.38,0.7,6.5,-129.4,-3.3,-91.4
22.121,204.502,-109.263,0.061,26.02,-13.902,29.169,5.79,0,30.02,0.0,14.0,-4.0,0.74,6.87,-109.5,0.3,-86.8
22.218,193.502,-108.465,0.08,24.62,-13.801,29.137,6.684,0,30.02,0.0,14.0,,,,,,
22.321,182.523,-106.221,-0.027,23.223,-13.515,30.008,3.129,0,30.02,0.0,14.0,,,,,,
22.425,171.964,-102.729,-0.051,21.88,-13.071,30.647,-1.754,0,30.02,0.0,14.0,,,,,,
22.523,161.739,-101.869,-0.057,20.579,-12.961,30.921,-3.891,0,30.02,0.0,14.0,,,,,,
22.623,151.844,-98.279,0.05,19.32,-12.504,30.782,-3.564,0,30.02,0.0,14.0,,,,,,
22.726,142.254,-95.137,-0.041,18.1,-12.105,30.894,-6.102,0,30.02,0.0,14.0,,,,,,
22.824,132.978,-89.986,-0.048,16.919,-11.449,30.871,-0.337,0,30.02,0.0,14.0,,,,,,
22.927,124.012,-86.707,-0.092,15.779,-11.032,30.958,0.454,0,30.02,0.0,14.0,,,,,,
23.028,115.361,-85.225,0.005,14.678,-10.844,30.88,-2.809,0,30.02,0.0,14.0,,,,,,
23.126,107.022,-80.537,-0.083,13.617,-10.247,31.02,0.134,0,30.02,0.0,14.0,,,,,,
23.223,98.997,-77.49,-0.063,12.596,-9.859,31.015,-0.247,0,30.02,0.0,14.0,,,,,,
23.325,91.283,-76.255,-0.023,11.614,-9.702,31.026,-2.732,0,30.02,0.0,14.0,,,,,,
23.427,83.876,-73.153,-0.031,10.672,-9.308,31.077,-3.996,0,30.02,0.0,14.0,,,,,,
23.527,76.785,-70.983,-0.048,9.77,-9.031,31.12,-3.793,0,30.02,0.0,14.0,,,,,,
23.626,70.012,-64.952,-0.085,8.908,-8.264,31.058,-1.721,0,30.02,0.0,14.0,,,,,,
23.726,63.549,-61.702,-0.098,8.086,-7.851,31.09,-1.314,0,30.02,0.0,14.0,,,,,,
23.827,57.403,-59.784,-0.044,7.304,-7.607,31.084,-1.935,0,30.02,0.0,14.0,,,,,,
23.927,51.562,-55.286,-0.069,6.561,-7.034,31.134,-0.489,0,30.02,0.0,14.0,,,,,,
24.027,46.044,-52.394,-0.036,5.858,-6.666,31.061,-2.77,0,30.02,0.0,14.0,,,,,,
24.127,40.832,-52.31,-0.119,5.195,-6.656,31.191,-4.803,0,30.02,0.0,14.0,,,,,,
24.226,35.936,-47.632,-0.062,4.572,-6.06,31.12,-4.83,0,30.02,0.0,14.0,,,,,,
24.326,31.349,-45.033,-0.059,3.989,-5.73,31.086,-3.314,0,30.02,0.0,14.0,,,,,,
24.427,27.034,-40.097,-0.055,3.44,-5.102,31.104,-1.862,0,30.02,0.0,14.0,,,,,,
24.527,23.076,-36.797,-0.04,2.936,-4.682,31.097,-1.793,0,30.02,0.0,14.0,,,,,,
24.633,19.435,-34.902,-0.038,2.473,-4.441,31.063,-3.295,0,30.02,0.0,14.0,,,,,,
24.732,16.069,-30.659,-0.028,2.045,-3.901,31.07,-1.922,0,30.02,0.0,14.0,,,,,,
24.831,13.053,-28.16,-0.098,1.661,-3.583,31.1,-3.661,0,30.02,0.0,14.0,,,,,,
24.934,10.349,-26.159,-0.122,1.317,-3.328,31.113,-6.04,0,30.02,0.0,14.0,,,,,,
25.036,7.938,-23.056,-0.142,1.01,-2.934,31.102,-7.089,0,30.02,0.0,14.0,,,,,,
25.139,5.821,-19.359,-0.073,0.741,-2.463,31.093,-3.449,0,30.02,0.0,14.0,,,,,,
25.24,4.025,-15.69,-0.08,0.512,-1.996,31.038,-3.281,0,30.02,0.0,14.0,,,,,,
25.342,2.578,-12.282,-0.037,0.328,-1.563,31.024,-1.803,0,30.02,0.0,14.0,,,,,,
25.443,1.444,-9.668,-0.09,0.184,-1.23,31.026,-3.655,0,30.02,0.0,14.0,,,,,,
25.541,0.637,-6.062,-0.059,0.081,-0.771,30.992,-3.278,0,30.02,0.0,14.0,,,,,,
25.637,0.156,-3.378,-0.096,0.02,-0.43,30.965,-3.603,0,30.02,0.0,14.0,,,,,,
25.739,-0.021,-0.317,-0.131,-0.003,-0.04,30.935,-4.745,0,30.02,0.0,14.0,,,,,,
25.839,0.009,0.305,-0.013,0.001,0.039,30.946,-0.686,0,30.02,0.0,14.0,,,,,,
25.941,0.014,0.087,-0.033,0.002,0.011,30.949,-0.68,0,30.02,0.0,14.0,,,,,,
26.04,0.013,-0.048,-0.037,0.002,-0.006,30.946,-1.393,0,30.02,0.0,14.0,,,,,,
26.134,0.013,-0.025,-0.029,0.002,-0.003,30.928,-1.244,0,30.02,0.0,14.0,,,,,,
26.243,0.013,0.008,-0.031,0.002,0.001,30.935,-1.259,0,30.02,0.0,14.0,,,,,,
26.336,0.013,-0.015,-0.019,0.002,-0.002,30.951,-1.327,0,30.02,0.0,14.0,,,,,,
26.44,0.013,0.015,-0.021,0.002,0.002,30.935,-0.994,0,30.02,0.0,14.0,,,,,,
26.536,0.013,-0.038,-0.029,0.002,-0.005,30.951,-0.99,0,30.02,0.0,13.226,,,,,,
26.639,0.013,-0.036,-0.026,0.002,-0.005,30.946,-0.767,0.002,30.02,0.0,0.0,,,,,,
26.736,0.013,0.003,-0.017,0.002,0.0,30.953,-0.886,0.002,30.02,0.0,0.0,,,,,,
26.838,0.013,-0.002,-0.017,0.002,-0.0,30.967,-0.88,0.002,30.02,0.0,0.0,,,,,,
26.938,0.013,-0.044,-0.016,0.002,-0.006,30.967,-0.738,0.002,30.02,0.0,0.0,,,,,,
27.047,0.012,-0.044,-0.014,0.002,-0.006,30.962,-0.587,0.002,30.02,0.0,0.0,,,,,,
27.143,0.012,-0.035,-0.018,0.002,-0.004,30.981,-0.433,0.002,30.02,0.0,0.0,,,,,,
27.24,0.012,0.029,-0.017,0.002,0.004,30.962,-0.466,0.002,30.02,0.0,0.0,,,,,,
27.34,0.012,0.02,-0.016,0.002,0.003,30.969,-0.334,0.002,30.02,0.0,0.0,,,,,,
27.439,0.012,-0.025,-0.01,0.002,-0.003,30.976,-0.65,0.002,30.02,0.0,0.0,,,,,,
27.541,0.012,0.014,-0.015,0.002,0.002,30.994,-0.521,0.002,30.02,0.0,0.0,,,,,,
27.642,0.012,-0.005,-0.004,0.001,-0.001,30.981,-0.077,0.001,30.02,0.0,0.0,,,,,,
27.738,0.012,-0.028,-0.007,0.001,-0.004,30.958,-0.169,0.001,30.02,0.0,0.0,,,,,,
27.836,0.011,-0.044,-0.003,0.001,-0.006,30.983,-0.7,0.001,30.02,0.0,0.0,,,,,,
27.938,0.011,0.008,0.003,0.001,0.001,30.99,-0.365,0.001,30.02,0.0,0.0,,,,,,
28.038,0.011,-0.009,-0.001,0.001,-0.001,30.992,-0.237,0.001,30.02,0.0,0.0,,,,,,
28.138,0.011,-0.031,-0.009,0.001,-0.004,30.983,0.042,0.001,30.02,0.0,0.0,,,,,,
28.244,0.01,0.019,0.004,0.001,0.002,30.99,0.146,0.001,30.02,0.0,0.0,,,,,,
28.34,0.01,0.012,-0.0,0.001,0.002,30.978,-0.092,0.001,30.02,0.0,0.0,,,,,,
28.441,0.009,0.025,-0.008,0.001,0.003,30.969,0.252,0.001,30.02,0.0,0.0,,,,,,
28.538,0.009,0.007,-0.005,0.001,0.001,30.985,-0.032,0.001,30.02,0.0,0.0,,,,,,
28.639,0.008,0.002,0.011,0.001,0.0,30.988,0.341,0.001,30.02,0.0,0.0,,,,,,
28.741,0.008,-0.006,-0.001,0.001,-0.001,30.988,0.088,0.001,30.02,0.0,0.0,,,,,,
28.844,0.008,0.022,0.01,0.001,0.003,30.974,0.088,0.001,30.02,0.0,0.0,,,,,,
28.943,0.007,0.018,0.0,0.001,0.002,30.978,0.11,0.001,30.02,0.0,0.0,,,,,,
29.039,0.007,-0.04,0.006,0.001,-0.005,31.02,0.198,0.001,30.02,0.0,0.0,,,,,,
29.143,0.007,-0.028,-0.004,0.001,-0.004,30.994,0.115,0.001,30.02,0.0,0.0,,,,,,
29.251,0.007,0.047,0.002,0.001,0.006,30.978,0.173,0.001,30.02,0.0,0.0,,,,,,
29.356,0.007,-0.014,-0.004,0.001,-0.002,30.992,-0.022,0.001,30.02,0.0,0.0,,,,,,
29.459,0.006,0.021,0.0,0.001,0.003,30.965,0.04,0.001,30.02,0.0,0.0,,,,,,
29.555,0.006,-0.001,0.006,0.001,-0.0,30.981,0.183,0.001,30.02,0.0,0.0,,,,,,
29.649,0.006,0.032,-0.001,0.001,0.004,30.958,0.314,0.001,30.02,0.0,0.0,,,,,,
29.756,0.006,0.029,0.006,0.001,0.004,30.992,0.35,0.001,30.02,0.0,0.0,,,,,,
29.849,0.006,0.023,0.005,0.001,0.003,30.983,0.347,0.001,30.02,0.0,0.0,,,,,,
29.949,0.006,0.003,0.006,0.001,0.0,30.978,0.214,0.001,30.02,0.0,0.0,,,,,,
30.048,0.006,0.022,0.009,0.001,0.003,31.013,0.283,0.001,30.02,0.0,0.0,,,,,,
30.148,0.005,-0.015,0.006,0.001,-0.002,30.99,0.361,0.001,30.02,0.0,0.0,,,,,,
30.248,0.005,-0.002,0.013,0.001,-0.0,30.997,0.123,0.001,30.02,0.0,0.0,,,,,,
30.351,0.005,0.024,0.002,0.001,0.003,31.001,0.487,0.001,30.02,0.0,0.0,,,,,,
30.453,0.005,0.025,0.007,0.001,0.003,30.985,0.115,0.001,30.02,0.0,0.0,,,,,,
