Timestamp [s],Angular position [turns],Angular velocity [turns/s],Torque [Nm],Linear position [m],Linear speed [m/s],Voltage [V],Current [A],Reference x_ref [m],Estimated plane position [m],Estimated plane velocity [m/s],Reference velocity [m/s],x ArUco [m],y ArUco [m],z ArUco [m],roll ArUco [deg],pitch ArUco [deg],yaw ArUco [deg],Wind 3D norm [m/s],Wind 2D norm [m/s],Horizontal wind direction [°],Vertical wind direction [°],U Vector [m/s],V Vector [m/s],W Vector [m/s],Temperature [°C],Speed of sound [m/s],Humidity [%],Dew point [°C],Pressure [hPa],Air density [kg/cm³],Pitch [°],Roll [°],Heading [°],TrueHead [°]
8.722,0.0,-0.02,-0.001,0.0,-0.003,31.607,0.065,0.0,0.0,0.0,0.0,nan,nan,nan,nan,nan,nan,,,,,,,,,,,,,,,,,
8.866,-0.0,0.052,-0.001,-0.0,0.007,31.602,0.317,-0.0,0.0,0.0,0.0,nan,nan,nan,nan,nan,nan,,,,,,,,,,,,,,,,,
9.01,-0.0,-0.023,-0.003,-0.0,-0.003,31.595,0.176,-0.0,0.0,0.0,0.0,nan,nan,nan,nan,nan,nan,,,,,,,,,,,,,,,,,
9.147,-0.0,0.01,-0.001,-0.0,0.001,31.604,0.217,-0.0,0.0,0.0,0.0,nan,nan,nan,nan,nan,nan,,,,,,,,,,,,,,,,,
9.287,-0.0,-0.016,0.003,-0.0,-0.002,31.588,0.07,-0.0,0.0,0.0,0.0,nan,nan,nan,nan,nan,nan,,,,,,,,,,,,,,,,,
9.43,-0.0,0.021,-0.001,-0.0,0.003,31.604,0.093,-0.0,0.0,0.0,0.0,nan,nan,nan,nan,nan,nan,,,,,,,,,,,,,,,,,
9.574,-0.0,-0.057,-0.001,-0.0,-0.007,31.591,0.123,-0.0,0.0,0.0,0.0,nan,nan,nan,nan,nan,nan,,,,,,,,,,,,,,,,,
9.709,0.0,0.015,-0.007,0.0,0.002,31.604,-0.224,70.0,0.0,0.0,14.0,nan,nan,nan,nan,nan,nan,,,,,,,,,,,,,,,,,
9.849,0.385,7.624,-0.41,0.049,0.97,31.486,-15.737,70.0,0.0,0.0,14.0,nan,nan,nan,nan,nan,nan,,,,,,,,,,,,,,,,,
9.996,2.146,16.553,-0.389,0.273,2.106,31.499,-15.295,70.0,0.0,0.0,14.0,nan,nan,nan,nan,nan,nan,,,,,,,,,,,,,,,,,
10.134,5.145,24.673,-0.394,0.655,3.139,31.449,-12.864,70.0,0.0,0.0,14.0,nan,nan,nan,nan,nan,nan,,,,,,,,,,,,,,,,,
10.276,9.329,34.847,-0.307,1.187,4.434,31.442,-11.632,70.0,0.0,0.0,14.0,nan,nan,nan,nan,nan,nan,,,,,,,,,,,,,,,,,
10.415,14.652,40.721,-0.628,1.864,5.181,31.321,-18.641,70.0,0.0,0.0,13.955,nan,nan,nan,nan,nan,nan,,,,,,,,,,,,,,,,,
10.556,21.176,49.786,-0.447,2.694,6.335,31.241,-18.963,70.0,0.0,0.0,14.0,nan,nan,nan,nan,nan,nan,,,,,,,,,,,,,,,,,
10.699,28.911,60.119,-0.394,3.678,7.649,31.237,-15.853,70.0,0.0,0.0,13.889,nan,nan,nan,nan,nan,nan,,,,,,,,,,,,,,,,,
10.837,37.844,68.201,-0.475,4.815,8.677,31.147,-15.447,70.0,0.0,0.0,14.0,nan,nan,nan,nan,nan,nan,,,,,,,,,,,,,,,,,
10.976,47.828,76.342,-0.476,6.085,9.713,31.049,-16.509,70.0,0.0,0.0,14.0,nan,nan,nan,nan,nan,nan,,,,,,,,,,,,,,,,,
11.117,59.155,83.611,-0.387,7.527,10.638,31.029,-21.737,70.0,0.0,0.0,14.0,nan,nan,nan,nan,nan,nan,,,,,,,,,,,,,,,,,
11.255,71.411,94.389,-0.473,9.086,12.01,30.974,-12.599,70.0,0.0,0.0,14.0,nan,nan,nan,nan,nan,nan,,,,,,,,,,,,,,,,,
11.396,85.135,100.794,-0.369,10.832,12.825,30.841,-22.268,70.0,0.0,0.0,14.0,nan,nan,nan,nan,nan,nan,,,,,,,,,,,,,,,,,
11.538,100.118,109.088,-0.371,12.738,13.88,30.816,-22.328,70.0,0.0,0.0,14.0,nan,nan,nan,nan,nan,nan,,,,,,,,,,,,,,,,,
11.678,115.595,110.401,-0.086,14.708,14.047,31.273,-8.86,70.0,0.0,0.0,14.0,nan,nan,nan,nan,nan,nan,,,,,,,,,,,,,,,,,
11.821,131.244,109.339,-0.132,16.699,13.912,31.191,-3.246,70.0,0.0,0.0,14.0,nan,nan,nan,nan,nan,nan,,,,,,,,,,,,,,,,,
11.968,147.047,110.004,-0.076,18.71,13.996,31.298,-4.369,70.0,0.0,0.0,14.0,nan,nan,nan,nan,nan,nan,,,,,,,,,,,,,,,,,
12.111,163.182,108.964,-0.101,20.762,13.864,31.161,-8.232,70.0,0.0,0.0,14.0,nan,nan,nan,nan,nan,nan,,,,,,,,,,,,,,,,,
12.246,178.019,110.292,-0.053,22.65,14.033,31.326,-5.682,70.0,0.0,0.0,14.0,nan,nan,nan,nan,nan,nan,,,,,,,,,,,,,,,,,
12.387,193.5,110.705,-0.095,24.62,14.085,31.344,-4.309,70.0,0.0,0.0,14.0,nan,nan,nan,nan,nan,nan,,,,,,,,,,,,,,,,,
12.531,209.307,110.073,-0.239,26.631,14.005,31.109,-2.248,70.0,0.0,0.0,14.0,nan,nan,nan,nan,nan,nan,,,,,,,,,,,,,,,,,
12.671,224.573,109.763,-0.034,28.573,13.966,31.294,-9.103,70.0,0.0,0.0,14.0,nan,nan,nan,nan,nan,nan,,,,,,,,,,,,,,,,,
12.81,239.724,108.911,-0.227,30.501,13.857,31.159,-4.752,70.0,0.0,0.0,14.0,nan,nan,nan,nan,nan,nan,,,,,,,,,,,,,,,,,
12.95,255.314,110.172,-0.23,32.485,14.018,31.134,-2.354,70.0,0.0,0.0,14.0,nan,nan,nan,nan,nan,nan,,,,,,,,,,,,,,,,,
13.089,270.471,110.991,-0.102,34.413,14.122,31.255,-4.431,70.0,0.0,0.0,14.0,nan,nan,nan,nan,nan,nan,,,,,,,,,,,,,,,,,
13.232,286.064,109.718,-0.049,36.397,13.96,31.223,-8.698,70.0,0.0,0.0,14.0,nan,nan,nan,nan,nan,nan,,,,,,,,,,,,,,,,,
13.373,301.764,109.29,-0.186,38.395,13.905,31.113,-2.912,70.0,0.0,0.0,14.0,nan,nan,nan,nan,nan,nan,,,,,,,,,,,,,,,,,
13.512,317.033,110.289,-0.064,40.337,14.033,31.269,-7.491,70.0,0.0,0.0,14.0,nan,nan,nan,nan,nan,nan,,,,,,,,,,,,,,,,,
13.652,332.406,111.034,-0.214,42.293,14.127,31.225,-1.868,70.0,0.0,0.0,14.0,nan,nan,nan,nan,nan,nan,,,,,,,,,,,,,,,,,
13.794,347.78,109.462,-0.232,44.25,13.927,31.093,-3.435,70.0,0.0,0.0,14.0,nan,nan,nan,nan,nan,nan,,,,,,,,,,,,,,,,,
13.933,363.24,108.339,-0.076,46.217,13.785,31.248,-0.924,70.0,0.0,0.0,14.0,nan,nan,nan,nan,nan,nan,,,,,,,,,,,,,,,,,
14.072,378.045,104.369,0.099,48.1,13.279,31.554,0.196,70.0,0.0,0.0,14.0,nan,nan,nan,nan,nan,nan,,,,,,,,,,,,,,,,,
14.212,392.271,99.226,-0.014,49.91,12.625,31.412,1.837,70.0,0.0,0.0,14.0,nan,nan,nan,nan,nan,nan,,,,,,,,,,,,,,,,,
14.352,405.879,95.944,-0.025,51.642,12.207,31.467,2.914,70.0,0.0,0.0,14.0,nan,nan,nan,nan,nan,nan,,,,,,,,,,,,,,,,,
14.494,418.88,91.514,-0.02,53.296,11.644,31.486,0.657,70.0,0.0,0.0,14.0,nan,nan,nan,nan,nan,nan,,,,,,,,,,,,,,,,,
14.633,431.354,87.203,-0.031,54.883,11.095,31.444,2.841,70.0,0.0,0.0,14.0,nan,nan,nan,nan,nan,nan,,,,,,,,,,,,,,,,,
14.772,443.043,82.217,0.069,56.37,10.461,31.495,1.848,70.0,0.0,0.0,14.0,nan,nan,nan,nan,nan,nan,,,,,,,,,,,,,,,,,
14.913,454.278,77.533,0.01,57.8,9.865,31.463,1.048,70.0,0.0,0.0,14.0,nan,nan,nan,nan,nan,nan,,,,,,,,,,,,,,,,,
15.053,464.821,73.281,0.014,59.141,9.324,31.495,2.761,70.0,0.0,0.0,14.0,nan,nan,nan,nan,nan,nan,,,,,,,,,,,,,,,,,
15.195,474.75,68.07,0.015,60.405,8.661,31.47,2.11,70.0,0.0,0.0,14.0,nan,nan,nan,nan,nan,nan,,,,,,,,,,,,,,,,,
15.334,484.078,64.072,0.068,61.591,8.152,31.545,1.342,70.0,0.0,0.0,14.0,nan,nan,nan,nan,nan,nan,,,,,,,,,,,,,,,,,
15.474,492.773,59.467,0.018,62.698,7.566,31.495,1.845,70.0,0.0,0.0,14.0,nan,nan,nan,nan,nan,nan,,,,,,,,,,,,,,,,,
15.614,500.863,56.501,0.037,63.727,7.189,31.52,3.163,70.0,0.0,0.0,14.0,nan,nan,nan,nan,nan,nan,,,,,,,,,,,,,,,,,
15.754,508.338,52.127,0.074,64.678,6.632,31.534,3.585,70.0,0.0,0.0,14.0,nan,nan,nan,nan,nan,nan,,,,,,,,,,,,,,,,,
15.896,515.202,46.054,0.018,65.551,5.86,31.508,3.052,70.0,0.0,0.0,14.0,nan,nan,nan,nan,nan,nan,,,,,,,,,,,,,,,,,
16.035,521.491,42.937,0.064,66.352,5.463,31.534,1.895,70.0,0.0,0.0,14.0,nan,nan,nan,nan,nan,nan,,,,,,,,,,,,,,,,,
16.175,527.115,37.402,0.047,67.067,4.759,31.511,0.988,70.0,0.0,0.0,14.0,nan,nan,nan,nan,nan,nan,,,,,,,,,,,,,,,,,
16.315,532.129,32.827,0.035,67.705,4.177,31.534,0.892,70.0,0.0,0.0,14.0,nan,nan,nan,nan,nan,nan,,,,,,,,,,,,,,,,,
16.455,536.531,28.689,0.04,68.265,3.65,31.515,0.888,70.0,0.0,0.0,14.0,nan,nan,nan,nan,nan,nan,,,,,,,,,,,,,,,,,
16.595,540.317,25.379,0.101,68.747,3.229,31.513,3.928,70.0,0.0,0.0,14.0,nan,nan,nan,nan,nan,nan,,,,,,,,,,,,,,,,,
16.735,543.492,20.309,0.043,69.151,2.584,31.518,1.012,70.0,0.0,0.0,14.0,nan,nan,nan,nan,nan,nan,,,,,,,,,,,,,,,,,
16.875,546.051,15.947,0.054,69.476,2.029,31.54,2.756,70.0,0.0,0.0,14.0,nan,nan,nan,nan,nan,nan,,,,,,,,,,,,,,,,,
17.015,547.997,11.767,0.097,69.724,1.497,31.513,3.139,70.0,0.0,0.0,14.0,nan,nan,nan,nan,nan,nan,,,,,,,,,,,,,,,,,
17.155,549.327,7.385,0.087,69.893,0.94,31.529,3.337,70.0,0.0,0.0,14.0,nan,nan,nan,nan,nan,nan,,,,,,,,,,,,,,,,,
17.296,550.046,2.753,0.066,69.985,0.35,31.536,3.218,70.0,0.0,0.0,14.0,nan,nan,nan,nan,nan,nan,,,,,,,,,,,,,,,,,
17.435,550.166,-0.41,0.003,70.0,-0.052,31.527,-0.215,70.0,0.0,0.0,12.836,nan,nan,nan,nan,nan,nan,,,,,,,,,,,,,,,,,
17.575,550.131,0.034,-0.029,69.996,0.004,31.531,-1.263,70.0,0.0,0.0,14.0,nan,nan,nan,nan,nan,nan,,,,,,,,,,,,,,,,,
17.716,550.131,0.032,-0.032,69.996,0.004,31.524,-1.475,70.0,0.0,0.0,14.0,nan,nan,nan,nan,nan,nan,,,,,,,,,,,,,,,,,
17.856,550.131,0.007,-0.043,69.996,0.001,31.524,-1.686,70.0,0.0,0.0,14.0,nan,nan,nan,nan,nan,nan,,,,,,,,,,,,,,,,,
17.996,550.131,0.027,-0.048,69.996,0.003,31.511,-2.066,70.0,0.0,0.0,14.0,nan,nan,nan,nan,nan,nan,,,,,,,,,,,,,,,,,
18.136,550.132,0.032,-0.052,69.996,0.004,31.531,-2.001,70.0,0.0,0.0,14.0,nan,nan,nan,nan,nan,nan,,,,,,,,,,,,,,,,,
18.277,550.133,0.034,-0.053,69.996,0.004,31.515,-2.154,69.996,0.0,0.0,0.0,nan,nan,nan,nan,nan,nan,,,,,,,,,,,,,,,,,
18.416,550.139,0.06,-0.051,69.997,0.008,31.497,-1.854,0,0.0,0.0,14.0,nan,nan,nan,nan,nan,nan,,,,,,,,,,,,,,,,,
18.556,549.771,-7.501,0.421,69.95,-0.954,31.463,16.974,0,0.0,0.0,14.0,nan,nan,nan,nan,nan,nan,,,,,,,,,,,,,,,,,
18.697,548.02,-16.81,0.394,69.727,-2.139,31.401,15.391,0,0.0,0.0,14.0,nan,nan,nan,nan,nan,nan,,,,,,,,,,,,,,,,,
18.836,545.073,-25.277,0.394,69.352,-3.216,31.38,15.592,0,0.0,0.0,14.0,nan,nan,nan,nan,nan,nan,,,,,,,,,,,,,,,,,
18.976,540.926,-34.977,0.284,68.824,-4.45,31.396,10.635,0,0.0,0.0,14.0,nan,nan,nan,nan,nan,nan,,,,,,,,,,,,,,,,,
19.116,535.589,-41.154,0.471,68.145,-5.236,31.25,18.068,0,0.0,0.0,14.0,nan,nan,nan,nan,nan,nan,,,,,,,,,,,,,,,,,
19.256,529.06,-50.149,0.419,67.315,-6.381,31.211,17.1,0,0.0,0.0,14.0,nan,nan,nan,nan,nan,nan,,,,,,,,,,,,,,,,,
19.398,521.207,-60.222,0.301,66.316,-7.662,31.232,15.307,0,0.0,0.0,14.0,nan,nan,nan,nan,nan,nan,,,,,,,,,,,,,,,,,
19.537,512.339,-68.818,0.456,65.187,-8.756,31.081,12.468,0,0.0,0.0,14.0,nan,nan,nan,nan,nan,nan,,,,,,,,,,,,,,,,,
19.677,502.212,-77.196,0.333,63.899,-9.822,31.111,13.577,0,0.0,0.0,14.0,nan,nan,nan,nan,nan,nan,,,,,,,,,,,,,,,,,
19.817,490.899,-85.553,0.463,62.459,-10.885,30.924,13.215,0,0.0,0.0,14.0,nan,nan,nan,nan,nan,nan,,,,,,,,,,,,,,,,,
19.957,478.385,-94.025,0.514,60.867,-11.963,30.812,14.65,0,0.0,0.0,14.0,nan,nan,nan,nan,nan,nan,,,,,,,,,,,,,,,,,
20.098,464.571,-101.574,0.309,59.109,-12.924,30.809,22.046,0,0.0,0.0,14.0,nan,nan,nan,nan,nan,nan,,,,,,,,,,,,,,,,,
20.237,449.776,-111.252,0.371,57.227,-14.155,30.889,12.388,0,0.0,0.0,14.0,nan,nan,nan,nan,nan,nan,,,,,,,,,,,,,,,,,
20.377,434.288,-111.669,0.144,55.256,-14.208,31.225,1.234,0,0.0,0.0,14.0,nan,nan,nan,nan,nan,nan,,,,,,,,,,,,,,,,,
20.517,418.871,-110.397,0.176,53.295,-14.046,31.239,-0.707,0,0.0,0.0,14.0,nan,nan,nan,nan,nan,nan,,,,,,,,,,,,,,,,,
20.658,403.51,-108.851,0.095,51.34,-13.85,31.143,0.914,0,0.0,0.0,14.0,nan,nan,nan,nan,nan,nan,,,,,,,,,,,,,,,,,
20.798,388.034,-108.753,0.057,49.371,-13.837,31.152,6.924,0,0.0,0.0,14.0,nan,nan,nan,nan,nan,nan,,,,,,,,,,,,,,,,,
20.938,372.662,-110.106,0.056,47.415,-14.009,31.285,7.018,0,0.0,0.0,14.0,nan,nan,nan,nan,nan,nan,,,,,,,,,,,,,,,,,
21.078,357.293,-110.856,0.149,45.46,-14.105,31.232,1.288,0,0.0,0.0,14.0,nan,nan,nan,nan,nan,nan,,,,,,,,,,,,,,,,,
21.218,341.925,-109.786,0.179,43.505,-13.969,31.116,1.521,0,0.0,0.0,14.0,nan,nan,nan,nan,nan,nan,,,,,,,,,,,,,,,,,
21.36,326.551,-108.947,0.222,41.549,-13.862,31.211,0.98,0,0.0,0.0,14.0,nan,nan,nan,nan,nan,nan,,,,,,,,,,,,,,,,,
21.498,311.176,-110.113,0.03,39.592,-14.01,31.239,6.345,0,0.0,0.0,14.0,nan,nan,nan,nan,nan,nan,,,,,,,,,,,,,,,,,
21.638,295.805,-110.913,0.158,37.637,-14.112,31.241,0.381,0,0.0,0.0,14.0,nan,nan,nan,nan,nan,nan,,,,,,,,,,,,,,,,,
21.778,280.419,-109.838,0.207,35.679,-13.975,31.125,2.323,0,0.0,0.0,14.0,nan,nan,nan,nan,nan,nan,,,,,,,,,,,,,,,,,
21.918,265.044,-108.875,0.06,33.723,-13.853,31.145,7.822,0,0.0,0.0,14.0,nan,nan,nan,nan,nan,nan,,,,,,,,,,,,,,,,,
22.063,249.119,-109.422,0.032,31.697,-13.922,31.232,8.317,0,0.0,0.0,14.0,nan,nan,nan,nan,nan,nan,,,,,,,,,,,,,,,,,
22.201,233.967,-109.149,0.144,29.769,-13.887,31.079,3.584,0,0.0,0.0,14.0,nan,nan,nan,nan,nan,nan,,,,,,,,,,,,,,,,,
22.34,218.7,-110.488,0.037,27.826,-14.058,31.237,5.868,0,0.0,0.0,14.0,nan,nan,nan,nan,nan,nan,,,,,,,,,,,,,,,,,
22.48,203.328,-110.743,0.212,25.87,-14.09,31.175,2.041,0,0.0,0.0,14.0,nan,nan,nan,nan,nan,nan,,,,,,,,,,,,,,,,,
22.62,187.969,-108.353,0.078,23.916,-13.786,31.184,-0.347,0,0.0,0.0,14.0,nan,nan,nan,nan,nan,nan,,,,,,,,,,,,,,,,,
22.762,172.809,-105.474,-0.034,21.987,-13.42,31.486,-6.478,0,0.0,0.0,14.0,nan,nan,nan,nan,nan,nan,,,,,,,,,,,,,,,,,
22.901,158.645,-99.658,-0.109,20.185,-12.68,31.506,0.192,0,0.0,0.0,14.0,nan,nan,nan,nan,nan,nan,,,,,,,,,,,,,,,,,
23.041,145.007,-94.337,-0.066,18.45,-12.003,31.428,-0.568,0,0.0,0.0,14.0,nan,nan,nan,nan,nan,nan,,,,,,,,,,,,,,,,,
23.181,131.972,-90.247,-0.031,16.791,-11.483,31.419,-1.218,0,0.0,0.0,14.0,nan,nan,nan,nan,nan,nan,,,,,,,,,,,,,,,,,
23.321,119.55,-85.508,-0.081,15.211,-10.88,31.451,-0.273,0,0.0,0.0,14.0,nan,nan,nan,nan,nan,nan,,,,,,,,,,,,,,,,,
23.462,107.659,-82.311,-0.098,13.698,-10.473,31.492,-2.852,0,0.0,0.0,14.0,nan,nan,nan,nan,nan,nan,,,,,,,,,,,,,,,,,
23.601,96.55,-76.653,-0.071,12.284,-9.753,31.47,-0.648,0,0.0,0.0,14.0,nan,nan,nan,nan,nan,nan,,,,,,,,,,,,,,,,,
23.741,85.973,-72.77,-0.043,10.939,-9.259,31.463,-1.935,0,0.0,0.0,14.0,nan,nan,nan,nan,nan,nan,,,,,,,,,,,,,,,,,
23.881,76.005,-68.17,-0.074,9.67,-8.674,31.49,-1.98,0,0.0,0.0,14.0,nan,nan,nan,nan,nan,nan,,,,,,,,,,,,,,,,,
24.021,66.648,-64.416,-0.081,8.48,-8.196,31.502,-2.065,0,0.0,0.0,14.0,nan,nan,nan,nan,nan,nan,,,,,,,,,,,,,,,,,
24.162,57.853,-61.451,-0.059,7.361,-7.819,31.52,-3.319,0,0.0,0.0,14.0,nan,nan,nan,nan,nan,nan,,,,,,,,,,,,,,,,,
24.302,49.725,-56.786,-0.094,6.327,-7.225,31.486,-4.219,0,0.0,0.0,14.0,nan,nan,nan,nan,nan,nan,,,,,,,,,,,,,,,,,
24.442,42.221,-52.135,-0.069,5.372,-6.633,31.497,-2.121,0,0.0,0.0,14.0,nan,nan,nan,nan,nan,nan,,,,,,,,,,,,,,,,,
24.582,35.33,-48.259,-0.088,4.495,-6.14,31.52,-3.832,0,0.0,0.0,14.0,nan,nan,nan,nan,nan,nan,,,,,,,,,,,,,,,,,
24.723,29.051,-41.675,-0.047,3.696,-5.302,31.497,-2.952,0,0.0,0.0,14.0,nan,nan,nan,nan,nan,nan,,,,,,,,,,,,,,,,,
24.863,23.34,-39.581,-0.133,2.97,-5.036,31.524,-5.314,0,0.0,0.0,14.0,nan,nan,nan,nan,nan,nan,,,,,,,,,,,,,,,,,
25.002,18.324,-35.109,-0.15,2.331,-4.467,31.54,-4.446,0,0.0,0.0,14.0,nan,nan,nan,nan,nan,nan,,,,,,,,,,,,,,,,,
25.142,13.886,-30.519,-0.167,1.767,-3.883,31.531,-5.544,0,0.0,0.0,14.0,nan,nan,nan,nan,nan,nan,,,,,,,,,,,,,,,,,
25.282,10.063,-24.878,-0.079,1.28,-3.165,31.499,-3.283,0,0.0,0.0,14.0,nan,nan,nan,nan,nan,nan,,,,,,,,,,,,,,,,,
25.424,6.83,-21.246,-0.13,0.869,-2.703,31.504,-2.562,0,0.0,0.0,14.0,nan,nan,nan,nan,nan,nan,,,,,,,,,,,,,,,,,
25.563,4.239,-16.464,-0.097,0.539,-2.095,31.504,-3.899,0,0.0,0.0,14.0,nan,nan,nan,nan,nan,nan,,,,,,,,,,,,,,,,,
25.703,2.26,-12.064,-0.118,0.288,-1.535,31.492,-3.629,0,0.0,0.0,14.0,nan,nan,nan,nan,nan,nan,,,,,,,,,,,,,,,,,
25.843,0.898,-7.643,-0.095,0.114,-0.972,31.506,-4.793,0,0.0,0.0,14.0,nan,nan,nan,nan,nan,nan,,,,,,,,,,,,,,,,,
25.983,0.146,-2.987,-0.076,0.019,-0.38,31.499,-4.178,0,0.0,0.0,14.0,nan,nan,nan,nan,nan,nan,,,,,,,,,,,,,,,,,
26.124,-0.0,0.542,-0.018,-0.0,0.069,31.481,-0.651,0,0.0,0.0,14.0,nan,nan,nan,nan,nan,nan,,,,,,,,,,,,,,,,,
26.263,0.031,-0.06,0.002,0.004,-0.008,31.492,-0.279,0,0.0,0.0,14.0,nan,nan,nan,nan,nan,nan,,,,,,,,,,,,,,,,,
26.403,0.032,-0.096,0.007,0.004,-0.012,31.502,0.311,0,0.0,0.0,14.0,nan,nan,nan,nan,nan,nan,,,,,,,,,,,,,,,,,
26.543,0.031,0.032,0.014,0.004,0.004,31.506,0.615,0,0.0,0.0,14.0,nan,nan,nan,nan,nan,nan,,,,,,,,,,,,,,,,,
26.683,0.03,-0.017,0.022,0.004,-0.002,31.497,0.571,0,0.0,0.0,14.0,nan,nan,nan,nan,nan,nan,,,,,,,,,,,,,,,,,
26.824,0.029,-0.028,0.026,0.004,-0.004,31.486,0.612,0,0.0,0.0,14.0,nan,nan,nan,nan,nan,nan,,,,,,,,,,,,,,,,,
26.963,0.028,-0.041,0.033,0.004,-0.005,31.495,0.964,0,0.0,0.0,14.0,nan,nan,nan,nan,nan,nan,,,,,,,,,,,,,,,,,
27.103,0.028,-0.048,0.027,0.004,-0.006,31.488,1.404,0,0.0,0.0,14.0,nan,nan,nan,nan,nan,nan,,,,,,,,,,,,,,,,,
27.243,0.028,-0.007,0.039,0.004,-0.001,31.508,1.42,0,0.0,0.0,14.0,nan,nan,nan,nan,nan,nan,,,,,,,,,,,,,,,,,
27.383,0.027,-0.007,0.031,0.003,-0.001,31.499,1.719,0,0.0,0.0,14.0,nan,nan,nan,nan,nan,nan,,,,,,,,,,,,,,,,,
27.524,0.026,-0.022,0.043,0.003,-0.003,31.513,1.856,0,0.0,0.0,2.806,nan,nan,nan,nan,nan,nan,,,,,,,,,,,,,,,,,
27.664,0.026,-0.026,0.043,0.003,-0.003,31.524,2.39,0.003,0.0,0.0,0.0,nan,nan,nan,nan,nan,nan,,,,,,,,,,,,,,,,,
27.804,0.026,-0.019,0.054,0.003,-0.002,31.522,2.1,0.003,0.0,0.0,0.0,nan,nan,nan,nan,nan,nan,,,,,,,,,,,,,,,,,
27.944,0.026,0.023,0.061,0.003,0.003,31.508,2.031,0.003,0.0,0.0,0.0,nan,nan,nan,nan,nan,nan,,,,,,,,,,,,,,,,,
28.085,0.025,-0.017,0.059,0.003,-0.002,31.511,2.805,0.003,0.0,0.0,0.0,nan,nan,nan,nan,nan,nan,,,,,,,,,,,,,,,,,
28.225,0.025,0.065,0.066,0.003,0.008,31.492,2.717,0.003,0.0,0.0,0.0,nan,nan,nan,nan,nan,nan,,,,,,,,,,,,,,,,,
28.364,0.024,0.017,0.073,0.003,0.002,31.52,2.852,0.003,0.0,0.0,0.0,nan,nan,nan,nan,nan,nan,,,,,,,,,,,,,,,,,
28.504,0.024,-0.015,0.073,0.003,-0.002,31.518,3.125,0.003,0.0,0.0,0.0,nan,nan,nan,nan,nan,nan,,,,,,,,,,,,,,,,,
28.644,0.021,-0.017,0.07,0.003,-0.002,31.52,2.777,0.003,0.0,0.0,0.0,nan,nan,nan,nan,nan,nan,,,,,,,,,,,,,,,,,
28.784,0.021,-0.004,0.077,0.003,-0.0,31.49,3.209,0.003,0.0,0.0,0.0,nan,nan,nan,nan,nan,nan,,,,,,,,,,,,,,,,,
28.926,0.019,-0.04,0.058,0.002,-0.005,31.515,2.809,0.002,0.0,0.0,0.0,nan,nan,nan,nan,nan,nan,,,,,,,,,,,,,,,,,
29.064,0.012,-0.036,0.061,0.002,-0.005,31.49,2.669,0.002,0.0,0.0,0.0,nan,nan,nan,nan,nan,nan,,,,,,,,,,,,,,,,,
29.205,0.008,-0.004,0.056,0.001,-0.0,31.515,2.41,0.001,0.0,0.0,0.0,nan,nan,nan,nan,nan,nan,,,,,,,,,,,,,,,,,
29.344,0.007,0.016,0.062,0.001,0.002,31.524,2.384,0.001,0.0,0.0,0.0,nan,nan,nan,nan,nan,nan,,,,,,,,,,,,,,,,,
29.485,0.007,-0.022,0.06,0.001,-0.003,31.506,2.328,0.001,0.0,0.0,0.0,nan,nan,nan,nan,nan,nan,,,,,,,,,,,,,,,,,
29.625,0.007,-0.014,0.051,0.001,-0.002,31.52,2.108,0.001,0.0,0.0,0.0,nan,nan,nan,nan,nan,nan,,,,,,,,,,,,,,,,,
29.765,0.006,-0.042,0.054,0.001,-0.005,31.504,2.375,0.001,0.0,0.0,0.0,nan,nan,nan,nan,nan,nan,,,,,,,,,,,,,,,,,
29.905,0.006,-0.011,0.062,0.001,-0.001,31.49,2.443,0.001,0.0,0.0,0.0,nan,nan,nan,nan,nan,nan,,,,,,,,,,,,,,,,,
30.045,0.006,-0.015,0.065,0.001,-0.002,31.531,2.296,0.001,0.0,0.0,0.0,nan,nan,nan,nan,nan,nan,,,,,,,,,,,,,,,,,
30.187,0.006,-0.026,0.055,0.001,-0.003,31.506,2.533,0.001,0.0,0.0,0.0,nan,nan,nan,nan,nan,nan,,,,,,,,,,,,,,,,,
30.326,0.006,0.018,0.068,0.001,0.002,31.518,2.766,0.001,0.0,0.0,0.0,nan,nan,nan,nan,nan,nan,,,,,,,,,,,,,,,,,
30.465,0.006,-0.042,0.062,0.001,-0.005,31.513,2.791,0.001,0.0,0.0,0.0,nan,nan,nan,nan,nan,nan,,,,,,,,,,,,,,,,,
30.605,0.006,0.024,0.067,0.001,0.003,31.529,2.707,0.001,0.0,0.0,0.0,nan,nan,nan,nan,nan,nan,,,,,,,,,,,,,,,,,
30.745,0.006,0.03,0.06,0.001,0.004,31.513,2.568,0.001,0.0,0.0,0.0,nan,nan,nan,nan,nan,nan,,,,,,,,,,,,,,,,,
30.886,0.006,-0.007,0.069,0.001,-0.001,31.515,2.582,0.001,0.0,0.0,0.0,nan,nan,nan,nan,nan,nan,,,,,,,,,,,,,,,,,
31.026,0.006,0.002,0.075,0.001,0.0,31.515,2.753,0.001,0.0,0.0,0.0,nan,nan,nan,nan,nan,nan,,,,,,,,,,,,,,,,,
31.166,0.006,-0.049,0.068,0.001,-0.006,31.52,2.813,0.001,0.0,0.0,0.0,nan,nan,nan,nan,nan,nan,,,,,,,,,,,,,,,,,
31.306,0.006,-0.027,0.071,0.001,-0.003,31.513,3.016,0.001,0.0,0.0,0.0,nan,nan,nan,nan,nan,nan,,,,,,,,,,,,,,,,,
31.446,0.005,0.039,0.084,0.001,0.005,31.524,2.374,0.001,0.0,0.0,0.0,nan,nan,nan,nan,nan,nan,,,,,,,,,,,,,,,,,
31.588,0.005,0.059,0.077,0.001,0.008,31.524,2.851,0.001,0.0,0.0,0.0,nan,nan,nan,nan,nan,nan,,,,,,,,,,,,,,,,,
31.726,0.005,0.016,0.079,0.001,0.002,31.529,2.983,0.001,0.0,0.0,0.0,nan,nan,nan,nan,nan,nan,,,,,,,,,,,,,,,,,
31.866,0.005,0.008,0.079,0.001,0.001,31.518,2.931,0.001,0.0,0.0,0.0,nan,nan,nan,nan,nan,nan,,,,,,,,,,,,,,,,,
32.006,0.005,-0.013,0.069,0.001,-0.002,31.508,3.119,0.001,0.0,0.0,0.0,nan,nan,nan,nan,nan,nan,,,,,,,,,,,,,,,,,
32.146,0.005,-0.02,0.071,0.001,-0.003,31.508,2.719,0.001,0.0,0.0,0.0,nan,nan,nan,nan,nan,nan,,,,,,,,,,,,,,,,,
32.287,0.005,-0.027,0.072,0.001,-0.003,31.524,3.189,0.001,0.0,0.0,0.0,nan,nan,nan,nan,nan,nan,,,,,,,,,,,,,,,,,
32.426,0.004,-0.017,0.077,0.001,-0.002,31.511,3.3,0.001,0.0,0.0,0.0,nan,nan,nan,nan,nan,nan,,,,,,,,,,,,,,,,,
32.566,0.005,0.019,0.077,0.001,0.002,31.515,3.071,0.001,0.0,0.0,0.0,nan,nan,nan,nan,nan,nan,,,,,,,,,,,,,,,,,
32.706,0.004,0.019,0.079,0.001,0.002,31.513,3.372,0.001,0.0,0.0,0.0,nan,nan,nan,nan,nan,nan,,,,,,,,,,,,,,,,,
32.846,0.004,0.036,0.075,0.001,0.005,31.524,3.172,0.001,0.0,0.0,0.0,nan,nan,nan,nan,nan,nan,,,,,,,,,,,,,,,,,
32.988,0.004,-0.033,0.075,0.001,-0.004,31.511,2.939,0.001,0.0,0.0,0.0,nan,nan,nan,nan,nan,nan,,,,,,,,,,,,,,,,,
33.126,0.004,-0.038,0.071,0.001,-0.005,31.522,3.363,0.001,0.0,0.0,0.0,nan,nan,nan,nan,nan,nan,,,,,,,,,,,,,,,,,
33.266,0.004,-0.029,0.077,0.0,-0.004,31.524,3.17,0.0,0.0,0.0,0.0,nan,nan,nan,nan,nan,nan,,,,,,,,,,,,,,,,,
33.407,0.004,-0.022,0.078,0.0,-0.003,31.527,3.053,0.0,0.0,0.0,0.0,nan,nan,nan,nan,nan,nan,,,,,,,,,,,,,,,,,
33.547,0.004,0.033,0.084,0.0,0.004,31.513,3.172,0.0,0.0,0.0,0.0,nan,nan,nan,nan,nan,nan,,,,,,,,,,,,,,,,,
33.688,0.003,0.043,0.081,0.0,0.005,31.534,3.352,0.0,0.0,0.0,0.0,nan,nan,nan,nan,nan,nan,,,,,,,,,,,,,,,,,
33.827,0.003,0.016,0.084,0.0,0.002,31.529,3.25,0.0,0.0,0.0,0.0,nan,nan,nan,nan,nan,nan,,,,,,,,,,,,,,,,,
33.967,0.001,-0.068,0.078,0.0,-0.009,31.524,2.984,0.0,0.0,0.0,0.0,nan,nan,nan,nan,nan,nan,,,,,,,,,,,,,,,,,
34.107,-0.002,-0.009,0.068,-0.0,-0.001,31.54,3.152,-0.0,0.0,0.0,0.0,nan,nan,nan,nan,nan,nan,,,,,,,,,,,,,,,,,
34.247,-0.002,0.0,0.076,-0.0,0.0,31.527,2.913,-0.0,0.0,0.0,0.0,nan,nan,nan,nan,nan,nan,,,,,,,,,,,,,,,,,
34.388,-0.002,0.013,0.074,-0.0,0.002,31.52,2.795,-0.0,0.0,0.0,0.0,nan,nan,nan,nan,nan,nan,,,,,,,,,,,,,,,,,
34.527,-0.002,0.02,0.073,-0.0,0.003,31.502,2.754,-0.0,0.0,0.0,0.0,nan,nan,nan,nan,nan,nan,,,,,,,,,,,,,,,,,
34.667,-0.002,-0.005,0.059,-0.0,-0.001,31.536,2.708,-0.0,0.0,0.0,0.0,nan,nan,nan,nan,nan,nan,,,,,,,,,,,,,,,,,
34.807,-0.002,0.049,0.072,-0.0,0.006,31.527,2.856,-0.0,0.0,0.0,0.0,nan,nan,nan,nan,nan,nan,,,,,,,,,,,,,,,,,
34.947,-0.002,-0.018,0.068,-0.0,-0.002,31.513,2.792,-0.0,0.0,0.0,0.0,nan,nan,nan,nan,nan,nan,,,,,,,,,,,,,,,,,
35.089,-0.002,-0.006,0.067,-0.0,-0.001,31.515,2.771,-0.0,0.0,0.0,0.0,nan,nan,nan,nan,nan,nan,,,,,,,,,,,,,,,,,
35.227,-0.002,-0.049,0.068,-0.0,-0.006,31.527,2.569,-0.0,0.0,0.0,0.0,nan,nan,nan,nan,nan,nan,,,,,,,,,,,,,,,,,
35.367,-0.002,-0.023,0.066,-0.0,-0.003,31.52,2.424,-0.0,0.0,0.0,0.0,nan,nan,nan,nan,nan,nan,,,,,,,,,,,,,,,,,
35.507,-0.002,-0.028,0.06,-0.0,-0.004,31.534,2.457,-0.0,0.0,0.0,0.0,nan,nan,nan,nan,nan,nan,,,,,,,,,,,,,,,,,
35.647,-0.002,0.002,0.069,-0.0,0.0,31.529,2.935,-0.0,0.0,0.0,0.0,nan,nan,nan,nan,nan,nan,,,,,,,,,,,,,,,,,
35.789,-0.002,-0.029,0.058,-0.0,-0.004,31.524,2.947,-0.0,0.0,0.0,0.0,nan,nan,nan,nan,nan,nan,,,,,,,,,,,,,,,,,
35.928,-0.002,-0.039,0.06,-0.0,-0.005,31.524,2.648,-0.0,0.0,0.0,0.0,nan,nan,nan,nan,nan,nan,,,,,,,,,,,,,,,,,
36.068,-0.002,-0.017,0.058,-0.0,-0.002,31.527,2.911,-0.0,0.0,0.0,0.0,nan,nan,nan,nan,nan,nan,,,,,,,,,,,,,,,,,
36.208,-0.002,0.003,0.062,-0.0,0.0,31.54,2.474,-0.0,0.0,0.0,0.0,nan,nan,nan,nan,nan,nan,,,,,,,,,,,,,,,,,
36.349,-0.002,-0.016,0.063,-0.0,-0.002,31.554,2.598,-0.0,0.0,0.0,0.0,nan,nan,nan,nan,nan,nan,,,,,,,,,,,,,,,,,
36.489,-0.002,0.019,0.066,-0.0,0.002,31.531,2.379,-0.0,0.0,0.0,0.0,nan,nan,nan,nan,nan,nan,,,,,,,,,,,,,,,,,
36.628,-0.002,-0.027,0.067,-0.0,-0.003,31.522,2.684,-0.0,0.0,0.0,0.0,nan,nan,nan,nan,nan,nan,,,,,,,,,,,,,,,,,
36.768,-0.002,0.026,0.066,-0.0,0.003,31.529,2.67,-0.0,0.0,0.0,0.0,nan,nan,nan,nan,nan,nan,,,,,,,,,,,,,,,,,
36.908,-0.002,0.021,0.062,-0.0,0.003,31.536,2.137,-0.0,0.0,0.0,0.0,nan,nan,nan,nan,nan,nan,,,,,,,,,,,,,,,,,
37.049,-0.002,-0.011,0.064,-0.0,-0.001,31.538,2.621,-0.0,0.0,0.0,0.0,nan,nan,nan,nan,nan,nan,,,,,,,,,,,,,,,,,
37.19,-0.002,-0.01,0.063,-0.0,-0.001,31.536,2.412,-0.0,0.0,0.0,0.0,nan,nan,nan,nan,nan,nan,,,,,,,,,,,,,,,,,
37.329,-0.002,-0.021,0.058,-0.0,-0.003,31.538,2.562,-0.0,0.0,0.0,0.0,nan,nan,nan,nan,nan,nan,,,,,,,,,,,,,,,,,
37.469,-0.002,0.006,0.064,-0.0,0.001,31.529,2.647,-0.0,0.0,0.0,0.0,nan,nan,nan,nan,nan,nan,,,,,,,,,,,,,,,,,
37.609,-0.002,-0.024,0.052,-0.0,-0.003,31.513,2.441,-0.0,0.0,0.0,0.0,nan,nan,nan,nan,nan,nan,,,,,,,,,,,,,,,,,
37.751,-0.002,-0.024,0.064,-0.0,-0.003,31.518,2.284,-0.0,0.0,0.0,0.0,nan,nan,nan,nan,nan,nan,,,,,,,,,,,,,,,,,
37.889,-0.002,-0.052,0.061,-0.0,-0.007,31.545,2.755,-0.0,0.0,0.0,0.0,nan,nan,nan,nan,nan,nan,,,,,,,,,,,,,,,,,
38.029,-0.002,0.008,0.066,-0.0,0.001,31.524,2.395,-0.0,0.0,0.0,0.0,nan,nan,nan,nan,nan,nan,,,,,,,,,,,,,,,,,
38.169,-0.002,-0.027,0.054,-0.0,-0.003,31.538,2.709,-0.0,0.0,0.0,0.0,nan,nan,nan,nan,nan,nan,,,,,,,,,,,,,,,,,
38.309,-0.002,0.023,0.061,-0.0,0.003,31.527,2.913,-0.0,0.0,0.0,0.0,nan,nan,nan,nan,nan,nan,,,,,,,,,,,,,,,,,
38.451,-0.002,-0.027,0.06,-0.0,-0.003,31.55,2.28,-0.0,0.0,0.0,0.0,nan,nan,nan,nan,nan,nan,,,,,,,,,,,,,,,,,
38.589,-0.002,0.039,0.062,-0.0,0.005,31.55,2.326,-0.0,0.0,0.0,0.0,nan,nan,nan,nan,nan,nan,,,,,,,,,,,,,,,,,
38.729,-0.002,0.03,0.062,-0.0,0.004,31.536,2.367,-0.0,0.0,0.0,0.0,nan,nan,nan,nan,nan,nan,,,,,,,,,,,,,,,,,
38.869,-0.002,-0.011,0.053,-0.0,-0.001,31.538,2.519,-0.0,0.0,0.0,0.0,nan,nan,nan,nan,nan,nan,,,,,,,,,,,,,,,,,
39.009,-0.002,0.052,0.057,-0.0,0.007,31.534,2.287,-0.0,0.0,0.0,0.0,nan,nan,nan,nan,nan,nan,,,,,,,,,,,,,,,,,
39.149,-0.002,0.026,0.065,-0.0,0.003,31.538,2.162,-0.0,0.0,0.0,0.0,nan,nan,nan,nan,nan,nan,,,,,,,,,,,,,,,,,
39.289,-0.002,0.011,0.067,-0.0,0.001,31.534,2.205,-0.0,0.0,0.0,0.0,nan,nan,nan,nan,nan,nan,,,,,,,,,,,,,,,,,
39.429,-0.002,-0.015,0.06,-0.0,-0.002,31.536,2.276,-0.0,0.0,0.0,0.0,nan,nan,nan,nan,nan,nan,,,,,,,,,,,,,,,,,
39.569,-0.002,0.03,0.063,-0.0,0.004,31.527,2.121,-0.0,0.0,0.0,0.0,nan,nan,nan,nan,nan,nan,,,,,,,,,,,,,,,,,
39.71,-0.002,0.011,0.058,-0.0,0.001,31.524,2.384,-0.0,0.0,0.0,0.0,nan,nan,nan,nan,nan,nan,,,,,,,,,,,,,,,,,
39.851,-0.001,0.031,0.053,-0.0,0.004,31.534,2.373,-0.0,0.0,0.0,0.0,nan,nan,nan,nan,nan,nan,,,,,,,,,,,,,,,,,
39.99,-0.002,-0.009,0.05,-0.0,-0.001,31.522,2.517,-0.0,0.0,0.0,0.0,nan,nan,nan,nan,nan,nan,,,,,,,,,,,,,,,,,
40.131,-0.001,0.017,0.058,-0.0,0.002,31.538,2.448,-0.0,0.0,0.0,0.0,nan,nan,nan,nan,nan,nan,,,,,,,,,,,,,,,,,
40.271,-0.001,0.024,0.06,-0.0,0.003,31.536,2.08,-0.0,0.0,0.0,0.0,nan,nan,nan,nan,nan,nan,,,,,,,,,,,,,,,,,
40.41,-0.001,0.01,0.057,-0.0,0.001,31.545,2.056,-0.0,0.0,0.0,0.0,nan,nan,nan,nan,nan,nan,,,,,,,,,,,,,,,,,
40.552,-0.001,0.007,0.052,-0.0,0.001,31.563,2.253,-0.0,0.0,0.0,0.0,nan,nan,nan,nan,nan,nan,,,,,,,,,,,,,,,,,
40.69,-0.001,-0.058,0.048,-0.0,-0.007,31.543,2.162,-0.0,0.0,0.0,0.0,nan,nan,nan,nan,nan,nan,,,,,,,,,,,,,,,,,
40.83,-0.001,0.008,0.052,-0.0,0.001,31.545,2.252,-0.0,0.0,0.0,0.0,nan,nan,nan,nan,nan,nan,,,,,,,,,,,,,,,,,
40.97,-0.001,0.035,0.055,-0.0,0.004,31.531,2.119,-0.0,0.0,0.0,0.0,nan,nan,nan,nan,nan,nan,,,,,,,,,,,,,,,,,
41.112,-0.001,0.022,0.058,-0.0,0.003,31.529,2.298,-0.0,0.0,0.0,0.0,nan,nan,nan,nan,nan,nan,,,,,,,,,,,,,,,,,
41.252,-0.001,0.043,0.058,-0.0,0.005,31.55,2.161,-0.0,0.0,0.0,0.0,nan,nan,nan,nan,nan,nan,,,,,,,,,,,,,,,,,
41.392,-0.001,0.015,0.052,-0.0,0.002,31.55,2.072,-0.0,0.0,0.0,0.0,nan,nan,nan,nan,nan,nan,,,,,,,,,,,,,,,,,
41.531,-0.001,-0.023,0.044,-0.0,-0.003,31.552,2.322,-0.0,0.0,0.0,0.0,nan,nan,nan,nan,nan,nan,,,,,,,,,,,,,,,,,
