run_time (s),angular_position (turns),angular_velocity (turns/s),torque (Nm),linear_position (m),linear_speed (m/s)
0.008954286575317383,0.00014090538024902344,-0.006321699824184179,0.003293309360742569,2.213336537208042e-05,-0.0009930102862928452
0.10896682739257812,6.148219108581543e-05,0.04731316864490509,-0.005668193101882935,9.657599992090082e-06,0.00743193515164444
0.20897197723388672,8.766353130340576e-05,-0.013239573687314987,0.0019727088510990143,1.377015529652592e-05,-0.002079667371636475
0.30997419357299805,6.416440010070801e-05,-0.011268902570009232,-9.883701568469405e-05,1.0078920398919024e-05,-0.001770115076398007
0.40998291969299316,-6.303191184997559e-06,-0.031387340277433395,0.00568498857319355,-9.901029560480136e-07,-0.004930311881565389
0.5099985599517822,-4.6133995056152344e-05,0.008903545327484608,0.006661082152277231,-7.246710997457803e-06,0.0013985656295864687
0.6099975109100342,-1.8730759620666504e-05,-0.016860565170645714,-0.005585695616900921,-2.942220841022112e-06,-0.0026484513837736257
0.7100591659545898,-5.303323268890381e-05,-0.017683852463960648,0.0013751289807260036,-8.330440710578914e-06,-0.0027777730493972266
0.8100643157958984,-1.4528632164001465e-05,-0.029906529933214188,-0.0015465309843420982,-2.2821522036567693e-06,-0.004697706736627447
0.9100689888000488,8.03917646408081e-05,0.03862389549612999,-0.0004677623510360718,1.2627908860234124e-05,0.006067027317183094
1.0100774765014648,-0.0002209395170211792,0.018440255895256996,0.0006590206176042557,-3.470509817807068e-05,0.002896588622542763
1.1100826263427734,8.52346420288086e-05,0.013094466179609299,-0.0007405648939311504,1.3388626261453047e-05,0.002056873937627029
1.2100815773010254,4.0337443351745605e-05,0.03505317494273186,0.0025649156887084246,6.336190784921922e-06,0.005506139844254212
1.3100872039794922,8.751451969146729e-05,0.0009444255847483873,-0.0020966199226677418,1.3746748607257645e-05,0.0001483500239453889
1.4100940227508545,6.662309169769287e-05,-0.020783336833119392,-0.012452921830117702,1.0465130771845554e-05,-0.003264638915600502
1.5100913047790527,-6.520748138427734e-05,-0.04868762195110321,0.0013716062530875206,-1.0242767223796946e-05,-0.0076478337721171494
1.610090970993042,7.814168930053711e-05,-0.018984008580446243,-0.001846184954047203,1.2274467852283178e-05,-0.002982001094600776
1.710106372833252,9.903311729431152e-05,-0.023920029401779175,-0.0006953729316592216,1.555608568769527e-05,-0.0037573494321140656
1.8101027011871338,-6.332993507385254e-06,0.00831491220742464,0.0017077575903385878,-9.947842939016686e-07,0.0013061033553044671
1.910102367401123,9.882450103759766e-05,-0.011628424748778343,-0.0002928338944911957,1.5523316322719686e-05,-0.0018265886881791888
2.010104179382324,-2.5928020477294922e-05,0.011583855375647545,0.0002908967435359955,-4.072763932679773e-06,0.0018195877474190482
2.111111879348755,-0.00016549229621887207,0.028902731835842133,-0.0007777019636705518,-2.599546910134572e-05,0.004540030500207875
2.211122751235962,0.00012595951557159424,-0.04335487261414528,-0.003289730753749609,1.9785674438472482e-05,-0.006810167465096007
2.311131715774536,-0.00011211633682250977,0.015916356816887856,-0.007339457981288433,-1.7611193005449775e-05,0.0025001354823924356
2.4111361503601074,9.870529174804688e-05,0.024147382006049156,-0.0039024553261697292,1.5504590971305064e-05,0.0037930618956815198
2.511143922805786,0.00023940205574035645,0.03645017370581627,-0.0016039690235629678,3.7605186978409904e-05,0.005725579896813212
2.6111509799957275,0.0001081228256225586,0.004639919381588697,-0.00683354027569294,1.698389373306002e-05,0.0007288368321223974
2.71120285987854,0.00012157857418060303,-0.0009908583015203476,-0.004351651296019554,1.909751777398521e-05,-0.0001556436580402392
2.8111751079559326,7.528066635131836e-05,0.005316059570759535,-0.0025016702711582184,1.1825059418332304e-05,0.0008350446846771932
2.9111857414245605,-2.4080276489257812e-05,-0.035788796842098236,-0.0001807529479265213,-3.782520985753168e-06,-0.005621691061997671
3.01118540763855,-5.5730342864990234e-06,0.03191462159156799,-0.00030138157308101654,-8.754101786334684e-07,0.005013137036708411
3.111192464828491,0.16015928983688354,3.4100089073181152,0.054675713181495667,0.02515776241778559,0.5356429465953174
3.2121968269348145,0.7134712934494019,6.713306427001953,-0.0026493468321859837,0.11207180870239242,1.054523707618324
3.3122682571411133,1.3832182884216309,6.554482936859131,0.017479902133345604,0.21727542066082217,1.029575772125815
3.4122719764709473,2.055413007736206,6.6098432540893555,0.012003997340798378,0.32286352025984827,1.0382717504213586
3.5123093128204346,2.7238597869873047,6.797418594360352,0.0028000595048069954,0.4278628948103988,1.0677360159708569
3.612335205078125,3.392444610595703,6.578158855438232,0.018271062523126602,0.5328839533178874,1.0332947767195697
3.71234393119812,4.058577060699463,6.6895904541015625,-0.0037197433412075043,0.6375197938960744,1.0507984113064939
3.8123366832733154,4.726612567901611,6.757084846496582,-0.0016387138748541474,0.7424545659842445,1.061400405671829
3.9123435020446777,5.39442253112793,6.620970249176025,0.006214097607880831,0.8473539097075382,1.0400195747223993
4.012350797653198,6.060176372528076,6.674093723297119,0.0073484452441334724,0.9519302785696322,1.048364190523999
4.112339973449707,6.727929592132568,6.801000118255615,0.00020072725601494312,1.0568207090256525,1.0682986004287578
4.212354421615601,7.395572185516357,6.615081787109375,0.0024382048286497593,1.16169376235556,1.0390946172639228
4.312366485595703,8.061076164245605,6.707322597503662,0.005187529139220715,1.2662308828810893,1.0535837698787158
4.412353754043579,8.728672981262207,6.8154706954956055,-0.005308518186211586,1.3710967456760534,1.0705716333862758
4.51240873336792,9.396925926208496,6.5846266746521,0.008085737004876137,1.4760656728052037,1.0343107393859212
4.612343788146973,10.062260627746582,6.731565952301025,-0.001302686519920826,1.580576203331724,1.057391907145204
4.713345527648926,10.73093318939209,6.708424091339111,0.006242474541068077,1.685611043697854,1.0537567921257869
4.813353538513184,11.403106689453125,6.5423102378845215,0.020815512165427208,1.7911958101843284,1.0276636890421653
4.913362979888916,12.068785667419434,6.708174705505371,0.0005142390727996826,1.895760419525734,1.0537176186906274
5.013380289077759,12.736587524414062,6.679812908172607,-0.0003218362107872963,2.0006584899251316,1.049262557983467
5.11339259147644,13.40365982055664,6.516323089599609,0.011723277159035206,2.1054419611738715,1.0235816373351838
5.213393449783325,14.069317817687988,6.6794891357421875,0.001200052909553051,2.2100032748534284,1.0492116999290246
5.313405513763428,14.73680591583252,6.70944881439209,-0.0029064351692795753,2.3148520601279023,1.0539177552465469
5.413411855697632,15.403702735900879,6.552169322967529,0.01433544047176838,2.41960796765936,1.02921235050556
5.513416767120361,16.06926918029785,6.7079243659973145,0.0027189592365175486,2.52415490026903,1.0536782954526567
5.613417148590088,16.736804962158203,6.6552653312683105,-0.0054361699149012566,2.62901117568407,1.0454066336201684
5.713437557220459,17.40460205078125,6.5619587898254395,0.015779342502355576,2.733908497069411,1.0307500763637285
5.81342625617981,17.906248092651367,2.963482618331909,-0.009464367292821407,2.8127068730614893,0.4655027611396285
5.91345477104187,18.01585578918457,0.0009281999082304537,-0.0004964554682374001,2.8299240097717697,0.00014580130063797568
6.014509439468384,18.011863708496094,-0.04022882133722305,0.005068848840892315,2.829296935203597,-0.006319128478779814
6.11450457572937,18.009967803955078,-0.02578774467110634,0.0030960915610194206,2.828999127214699,-0.004050729460569851
6.214528322219849,18.008453369140625,0.021711565554142,0.009279116988182068,2.8287612403503277,0.0034104447421412854
6.3145177364349365,18.007482528686523,0.02091994322836399,0.007832415401935577,2.8286087410884067,0.0032860969979871925
6.414536714553833,18.00677490234375,-0.0030876989476382732,0.005355488043278456,2.82849758740241,-0.0004850146165198667
6.514532089233398,18.006481170654297,-0.004277931991964579,0.004871969111263752,2.828451448136524,-0.0006719759859256336
6.614538908004761,18.006345748901367,-0.0022066652309149504,0.0026972226332873106,2.828430176137317,-0.0003466221639187217
6.714552402496338,18.00623321533203,0.014762024395167828,0.004358996637165546,2.828412499405582,0.002318813369598628
6.814534425735474,18.006196975708008,0.006683732848614454,0.001131016993895173,2.8284068068987516,0.0010498783007881977
6.914552211761475,18.006118774414062,-0.01390223577618599,-0.004214975517243147,2.8283945230682237,-0.002183758089146955
7.0145509243011475,18.006147384643555,0.00943484716117382,-0.0018224818632006645,2.828399017152563,0.0014820223264643095
7.114553213119507,18.166728973388672,3.638458490371704,0.0069313496351242065,2.853623114127735,0.5715277231871577
7.214560270309448,18.720693588256836,6.723412990570068,-0.003810528665781021,2.940639672348661,1.0561112429112554
7.314552545547485,19.39082145690918,6.564646244049072,0.008652693592011929,3.0459031118048605,1.0311722206860197
7.415561199188232,20.06439971923828,6.77553653717041,0.000814137514680624,3.151708537832405,1.0642987904651893
7.51557731628418,20.73390769958496,6.7608771324157715,-0.002925147535279393,3.2568746054612485,1.0619960965510307
7.615577936172485,21.402385711669922,6.566938400268555,0.01111797709017992,3.3618788860538693,1.0315322717430202
7.7155921459198,22.069185256958008,6.690917491912842,0.005450875032693148,3.4666195136985722,1.0510068619184414
7.815608024597168,22.737762451171875,6.653422832489014,0.005578238051384687,3.5716393737835705,1.045117214588704
7.915607690811157,23.405561447143555,6.479177474975586,0.016880039125680923,3.6765369947745343,1.0177468178343883
8.01561427116394,24.07176399230957,6.619785785675049,0.007944824174046516,3.7811838458593527,1.0398335196307436
8.11561393737793,24.739763259887695,6.658388137817383,0.0022218881640583277,3.8861129254406928,1.0458971629258256
8.215631484985352,25.40730094909668,6.472288608551025,0.03148705139756203,3.9909695004613557,1.0166647172268404
8.315638303756714,26.073354721069336,6.616942405700684,0.004519988317042589,4.095592982307609,1.0393868825488022
8.415650129318237,26.740745544433594,6.6504364013671875,0.006556353531777859,4.200426487695329,1.0446481070850648
8.515655517578125,27.40803337097168,6.456089973449707,0.03972586989402771,4.305243814379426,1.0141202415752162
8.615720748901367,27.911136627197266,3.0045266151428223,-0.01129173394292593,4.384271089067196,0.4719499370823849
8.7157142162323,28.021894454956055,0.013393927365541458,0.007198580075055361,4.401668887967925,0.002103913190715017
8.815733194351196,28.018613815307617,-0.019358841702342033,0.0023629050701856613,4.401153566296995,-0.0030408797437042733
8.91572880744934,28.014938354492188,-0.07143654674291611,0.006213442888110876,4.40057622626218,-0.011221226522268457
9.01674509048462,28.01305389404297,-0.0005312328576110303,0.0088548194617033,4.400280215907017,-8.344586214081628e-05
9.116742372512817,28.01209259033203,0.0191178061068058,0.0015643369406461716,4.40012921467321,0.0030030179608947598
9.21674394607544,28.011323928833008,0.003993121907114983,0.009450501762330532,4.400008473607288,0.0006272381224140447
9.316755533218384,28.010591506958008,-0.010338077321648598,0.0028006392531096935,4.399893425048197,-0.0016239013882967243
9.416744709014893,28.01006507873535,0.021170424297451973,0.0035611861385405064,4.3998107338963495,0.003325442472312699
9.516761302947998,28.009807586669922,-0.0007137928623706102,0.005092053674161434,4.399770287137294,-0.00011212232063041697
9.616753101348877,28.00982666015625,-0.01593719609081745,0.0009941020980477333,4.399773283193521,-0.002503408907886604
9.716763734817505,28.00987434387207,-0.0027738793287426233,0.0018392577767372131,4.399780773334086,-0.00043571994605612064
9.816763401031494,28.009807586669922,0.018754569813609123,0.003603585995733738,4.399770287137294,0.002945960937383566
9.916766166687012,28.00974464416504,0.001582846511155367,0.00014009512960910797,4.399760400151748,0.0002486329485602968
10.016779661178589,28.00970458984375,0.03307459503412247,0.008943898603320122,4.3997541084336715,0.005195345238982831
10.116789102554321,28.009681701660156,0.0018920451402664185,0.007518157362937927,4.3997505131662,0.0002972017556460625
10.216790914535522,28.00962257385254,0.005270875990390778,0.0037122457288205624,4.399741225391899,0.0008279472644697247
10.31679916381836,28.009605407714844,0.029434973374009132,-0.002933287061750889,4.3997385289412945,0.004623634805519913
10.416805982589722,28.009599685668945,-0.04008452221751213,0.0065359980799257755,4.399737630124426,-0.0062964620260596476
10.51781415939331,28.00965118408203,-0.03338644653558731,0.007878935895860195,4.399745719476239,-0.005244330758283475
10.6178297996521,28.009511947631836,0.019825594499707222,0.0037649106234312057,4.399723848265785,0.003114197101666521
10.717830896377563,28.009489059448242,-0.011770462617278099,0.008799592964351177,4.399720252998314,-0.0018488999443897081
10.817848682403564,28.009502410888672,-0.01781846582889557,0.011934502981603146,4.399722350237673,-0.0027989180673149545
10.917899370193481,28.00946807861328,0.02082769386470318,0.0039061594288796186,4.399716957336465,0.003271606501828436
11.017863035202026,28.009559631347656,0.013639755547046661,0.003918790724128485,4.399731338406352,0.002142527791168121
11.11786675453186,28.00933837890625,-0.013281065970659256,0.0022675818763673306,4.3996965841541265,-0.0020861849642632257
11.217926263809204,28.0095157623291,0.008716769516468048,0.008846203796565533,4.399724447477031,0.0013692269537985736
11.317921876907349,28.009279251098633,-0.012873152270913124,0.009110663086175919,4.399687296379825,-0.002022110030142172
11.41793942451477,28.009193420410156,0.03984716162085533,-0.0040917652659118176,4.399673814126806,0.006259177510724214
11.517934560775757,28.00908660888672,0.0024135832209140062,-0.00029791961424052715,4.399657036211939,0.0003791247657825517
11.61795449256897,28.009241104125977,0.014679104089736938,0.0036438191309571266,4.3996813042673715,0.002305788278479873
11.717945575714111,28.009204864501953,0.021958325058221817,0.0043389080092310905,4.399675611760542,0.0034492056344023166
11.817952394485474,28.00913429260254,0.004537005443125963,0.007950957864522934,4.399664526352504,0.0007126711484710716
11.917954921722412,28.009126663208008,0.029755357652902603,0.005972165614366531,4.399663327930013,0.0046739606503647824
12.017967700958252,28.009033203125,0.04784536734223366,0.0038453112356364727,4.399648647254504,0.007515532727533313
12.118957042694092,28.00921058654785,-0.004219284746795893,0.0008080806583166122,4.39967651057741,-0.0006627636981968724
12.218968152999878,28.00909423828125,-0.031251855194568634,0.006650431547313929,4.399658234634429,-0.004909029934515442
12.318958282470703,28.00913429260254,-0.021931171417236328,0.00557041447609663,4.399664526352504,-0.0034449403504504053
12.418979167938232,28.00909996032715,-0.0006783866556361318,0.012493092566728592,4.399659133451297,-0.00010656072668199103
12.518976211547852,28.009132385253906,-0.003422051202505827,0.002611013827845454,4.399664226746881,-0.0005375345459000213
12.618982076644897,28.00896453857422,0.04432499408721924,0.0008964068256318569,4.39963786145209,0.0069625537897409495
12.718989849090576,28.009035110473633,0.017514079809188843,0.00699686398729682,4.399648946860128,0.00275110522314665
12.818999290466309,28.008989334106445,-0.008471682667732239,0.0022013832349330187,4.399641756325184,-0.0013307288016245792
12.918994426727295,28.009050369262695,0.013697524555027485,-0.0010958574712276459,4.399651343705108,0.0021516021257220077
13.019012212753296,28.00886344909668,-0.03668888658285141,0.0049414243549108505,4.39962198235409,-0.005763076827853757
13.119048357009888,28.008983612060547,-0.015378359705209732,0.0023254554253071547,4.399640857508316,-0.00241562709370741
13.219053506851196,28.008962631225586,-0.019360702484846115,0.002630653791129589,4.399637561846467,-0.0030411720347365105
13.31903600692749,28.009029388427734,-0.01686474122107029,0.006259114481508732,4.39964804804326,-0.002649107356240369
13.420044660568237,28.00887680053711,0.004155202768743038,6.409548223018646e-05,4.3996240795934485,0.0006526977246229549
13.520032405853271,28.009029388427734,0.02140515297651291,-0.003436306957155466,4.39964804804326,0.0033623135669989326
13.620063066482544,28.00872230529785,0.02417304739356041,0.007218886632472277,4.399599811538016,0.003797093405324364
13.720065355300903,28.008745193481445,-0.0482168011367321,0.0015223510563373566,4.399603406805487,-0.007573877411537879
13.820137739181519,28.00870132446289,0.0005658710142597556,0.0049319518730044365,4.3995965158761665,8.888681106389267e-05
13.920156478881836,28.008697509765625,0.03252701461315155,0.004374554846435785,4.399595916664921,0.005109331507594238
14.020146608352661,28.008602142333984,0.008685169741511345,0.007522512227296829,4.399580936383789,0.0013642632727556203
14.120148658752441,28.008615493774414,-0.019235869869589806,0.0004473971202969551,4.399583033623148,-0.0030215633733856294
14.220154047012329,28.008684158325195,-0.016732484102249146,0.009879160672426224,4.399593819425563,-0.0026283324565966964
14.320154190063477,28.00870704650879,-0.022806568071246147,0.010362664237618446,4.399597414693035,-0.0035824473353111216
14.420181274414062,28.008573532104492,-0.017676860094070435,0.006024794653058052,4.39957644229945,-0.0027766746905033128
14.5211501121521,28.008636474609375,-0.01680886745452881,-3.7204474210739136e-05,4.399586329284997,-0.002640330725515614
14.620166063308716,28.00873565673828,0.02680497244000435,0.006283678580075502,4.399601908777374,0.004210515224859727
14.721170902252197,27.856529235839844,-3.575535297393799,-0.008933128789067268,4.375693380091188,-0.5616437711471678
14.821170806884766,27.303722381591797,-7.4919304847717285,-0.02516576647758484,4.2888586824832,-1.1768296886082141
14.921173572540283,26.347150802612305,-11.524948120117188,-0.025966940447688103,4.1386007702254615,-1.8103346173581827
15.0211763381958,24.990266799926758,-15.683058738708496,-0.008762087672948837,3.925461929494941,-2.463489105967191
15.121182680130005,23.226572036743164,-19.110830307006836,-0.08151379972696304,3.648421403935322,-3.0019222048246927
15.221184015274048,21.22171974182129,-19.520456314086914,-0.050854820758104324,3.333499941872362,-3.0662661075527975
15.321190595626831,19.215917587280273,-19.435026168823242,-0.07037239521741867,3.0184292762093303,-3.052846771715024
15.421185970306396,17.21120262145996,-19.400245666503906,-0.06831690669059753,2.7035293857512004,-3.0473834631862946
15.521228790283203,15.207221984863281,-19.34722900390625,-0.0741216167807579,2.388744843457784,-3.0390556252995626
15.621294736862183,13.203994750976562,-19.35813331604004,-0.10552912950515747,2.074078645385308,-3.0407684706441604
15.721231937408447,11.201375961303711,-19.333776473999023,-0.10895246267318726,1.7595080215064525,-3.0369425068431255
15.821242332458496,9.196805953979492,-19.35350799560547,-0.10609723627567291,1.4446309010756422,-3.0400419270092733
15.922239780426025,7.195071697235107,-19.255041122436523,-0.12655925750732422,1.130199219304283,-3.0245747867407977
16.022251844406128,5.176872730255127,-19.27381134033203,-0.1300593763589859,0.813181266896942,-3.0275232056731376
16.122244358062744,3.175809621810913,-19.219234466552734,-0.13179203867912292,0.4988550088540472,-3.018950290387091
16.22226071357727,1.174919605255127,-19.26214027404785,-0.14327898621559143,0.18455594002140632,-3.025689918868241
16.32227110862732,-0.8257706761360168,-19.269840240478516,-0.13245730102062225,-0.12971175448493935,-3.026899426766814
16.42233157157898,-2.8262290954589844,-19.258390426635742,-0.13691362738609314,-0.4439430281827836,-3.025100894214143
16.522327423095703,-4.829204082489014,-19.230693817138672,-0.13686077296733856,-0.7585696034116661,-3.020750320967876
16.62265157699585,-6.829472541809082,-19.2106990814209,-0.14022022485733032,-1.0727710382620312,-3.017609555225804
16.72234034538269,-8.829978942871094,-19.25508689880371,-0.14450626075267792,-1.3870098489138198,-3.0245819772757407
16.8223557472229,-10.830263137817383,-19.276702880859375,-0.12037114053964615,-1.7012137555105717,-3.027977407797051
16.92237114906311,-12.830426216125488,-19.24822998046875,-0.1303662210702896,-2.015398637150286,-3.0235048950623717
17.02237105369568,-14.830870628356934,-19.228246688842773,-0.13923457264900208,-2.3296277106193393,-3.020365926954036
17.122374773025513,-16.830915451049805,-19.265216827392578,-0.1277341991662979,-2.6437940167104506,-3.0261731827375495
17.22237515449524,-18.831241607666016,-19.208436965942383,-0.13639886677265167,-2.9580045146309004,-3.0172542229573605
17.32236671447754,-20.8311710357666,-19.264835357666016,-0.12494069337844849,-3.272152694581842,-3.026113261613023
17.42236638069153,-22.67360496520996,-16.511728286743164,0.0158699881285429,-3.5615615394550333,-2.5936562141851556
17.522377490997314,-24.11290168762207,-12.523500442504883,0.025756238028407097,-3.787645739928321,-1.9671868493700932
17.62337875366211,-25.155744552612305,-8.349971771240234,0.016024241223931313,-3.951455114103414,-1.3116104987105237
17.72339367866516,-25.785194396972656,-4.437534332275391,0.021467920392751694,-4.050328864445699,-0.6970462629164428
17.82338786125183,-26.013044357299805,-0.2481677085161209,0.007174234837293625,-4.086119452519925,-0.03898209249662293
17.923399925231934,-26.003707885742188,-0.06332435458898544,0.00080707180313766,-4.084652882997132,-0.00994696635850359
18.02340579032898,-26.00095558166504,0.029502451419830322,0.0024959957227110863,-4.0842205520836705,0.004634234232171435
18.123419284820557,-25.999910354614258,-0.006584438495337963,-0.0006105108186602592,-4.084056368202467,-0.001034281180248379
18.22342300415039,-25.99925422668457,-0.004291518125683069,-0.0006035333499312401,-4.083953303868281,-0.0006741100908196685
18.32342267036438,-25.99920082092285,-0.007314594928175211,0.012088198214769363,-4.083944914910847,-0.0011489738845170204
18.423439502716064,-25.99900245666504,-0.0027026755269616842,0.007475645747035742,-4.083913755926093,-0.00042453527902698747
18.523446559906006,-25.998802185058594,0.01181478425860405,0.007247492205351591,-4.083882297335717,0.0018558619715289407
18.623454570770264,-25.99862289428711,-0.026235315948724747,0.006143433973193169,-4.083854134407189,-0.0041210337924560405
18.724465131759644,-25.998851776123047,0.024542242288589478,0.009767802432179451,-4.0838900870819055,0.0038550864038226725
18.824459552764893,-26.153127670288086,-3.491476535797119,-0.03420368209481239,-4.10812368786865,-0.5484398517520684
18.924468517303467,-26.387645721435547,-0.5319438576698303,0.019409244880080223,-4.144961697199602,-0.08355754576888769
19.02448272705078,-26.386390686035156,0.01939166709780693,-0.005333219654858112,-4.14476455669991,0.003046035944766458
19.12455439567566,-26.385541915893555,-0.023747187107801437,5.748088005930185e-05,-4.144631232197837,-0.0037301994280645625
19.224555253982544,-26.384979248046875,-0.028560258448123932,0.002016843296587467,-4.14454284853916,-0.004486234906262598
19.324572563171387,-26.38459587097168,0.02160450629889965,-0.0011636125855147839,-4.144482627809011,0.0033936279136528775
19.426602602005005,-26.384281158447266,0.021068066358566284,-0.0022666570730507374,-4.1444331928812765,0.003309364124870705
19.524554014205933,-26.38382911682129,-0.0029451504815369844,0.006288871169090271,-4.144362186348713,-0.00046262315582565165
19.624582529067993,-26.382915496826172,-0.0052995262667536736,0.0051763178780674934,-4.144218675255471,-0.0008324476393569742
19.724581241607666,-26.381866455078125,0.02619408816099167,0.0029887643177062273,-4.144053892163022,0.00411455774670274
19.824576377868652,-26.38067626953125,-0.006804531440138817,-0.0012018410488963127,-4.143866938254498,-0.0010688532991730442
19.924583911895752,-26.37811851501465,0.042324624955654144,-0.003174812300130725,-4.143465167114546,0.006648336541331314
20.025586128234863,-26.37523651123047,0.057806938886642456,-0.007317854091525078,-4.143012463018747,0.009080292726639504
20.125585556030273,-26.37244415283203,0.014370068907737732,-0.01203244086354971,-4.14257384038721,0.002257245145606398
20.225595235824585,-26.37003517150879,0.025270286947488785,-0.0076052467338740826,-4.142195438485824,0.00396944739141684
20.325593948364258,-26.36857032775879,-0.008242418058216572,-0.004108037333935499,-4.141965341367641,-0.0012947160009754515
20.425598859786987,-26.368188858032227,-0.024313313886523247,-0.00673295184969902,-4.1419054202431145,-0.003819126414516207
20.5256130695343,-26.36790657043457,0.022752011194825172,-0.0030737086199223995,-4.141861078610964,0.003573877561202775
20.625617504119873,-26.367589950561523,0.007083442527800798,-0.0038500616792589426,-4.141811344077607,0.0011126645503732253
20.725619077682495,-26.367660522460938,0.020658405497670174,-0.003759460523724556,-4.141822429485645,0.003245014747317981
20.82565140724182,-26.3675479888916,-0.0079294852912426,-0.008660594001412392,-4.141804752753909,-0.0012455606368858036
20.92563772201538,-26.36749267578125,0.005414499901235104,-0.006452759262174368,-4.141796064190853,0.0008505076556291432
21.025634050369263,-26.36748695373535,-0.03216623514890671,-0.007394934073090553,-4.141795165373985,-0.005052660401872355
21.126657247543335,-26.367462158203125,-0.020886056125164032,-0.004319790285080671,-4.141791270500891,-0.0032807740242639712
21.226668119430542,-26.36747169494629,0.00591367669403553,-0.004702340811491013,-4.141792768529004,0.0009289181628843598
21.326669454574585,-26.367355346679688,-0.02151191607117653,-0.004095600452274084,-4.1417744925860225,-0.0033790838746924194
21.426673650741577,-26.367355346679688,0.023050008341670036,-0.0005822870880365372,-4.1417744925860225,0.003620686843568702
21.526679754257202,-26.36728286743164,-0.06842076778411865,-0.0036024474538862705,-4.141763107572363,-0.010747509071178017
21.626694679260254,-26.367353439331055,-0.021757781505584717,0.003719024360179901,-4.1417741929804,-0.0034177043268178407
21.726751565933228,-26.36720848083496,0.012179601937532425,-0.00030575692653656006,-4.141751422953081,0.0019131673985299939
21.8267605304718,-26.36735725402832,-0.0009632162400521338,0.0011583012528717518,-4.141774792191646,-0.00015130165317830832
21.926791429519653,-26.3674259185791,0.022565720602869987,-0.014044586569070816,-4.14178557799406,0.00354461510344681
22.02677321434021,-26.367183685302734,0.005399595946073532,-0.00018484843894839287,-4.141747528079986,0.000848166547826892
22.126786470413208,-26.367277145385742,-0.016043173149228096,-0.004520137794315815,-4.141762208755495,-0.0025200557452942007
22.226776599884033,-26.367313385009766,-8.403022366110235e-05,-0.001259492477402091,-4.141767901262326,-1.319943666666132e-05
22.327768564224243,-26.367233276367188,-0.03252385929226875,-0.0005647221114486456,-4.141755317826174,-0.005108835870948982
22.427786350250244,-26.3673152923584,-2.4432429199805483e-05,-0.00772057706490159,-4.141768200867948,-3.8378370041730835e-06
22.52778959274292,-26.36738395690918,0.022938257083296776,-0.001144665526226163,-4.141778986670363,0.003603132996951959
22.627788543701172,-26.367271423339844,-0.042634300887584686,-0.0028793523088097572,-4.1417613099386275,-0.006696980322968642
22.72778868675232,-26.36738395690918,-0.007765576243400574,-0.0014337943866848946,-4.141778986670363,-0.0012198138638579333
22.827807426452637,-26.367399215698242,0.004974918439984322,-0.0026172716170549393,-4.141781383515344,0.0007814583611631571
22.927788019180298,-26.367244720458984,-0.032374851405620575,-0.003682585433125496,-4.14175711545991,-0.005085429766847939
23.02778720855713,-26.3671932220459,-0.007609112188220024,-0.009950290434062481,-4.1417490261081,-0.0011952365475426292
23.127808809280396,-26.367324829101562,-0.029871441423892975,-0.007749797310680151,-4.141769698896061,-0.004692195046472
23.22782588005066,-26.367197036743164,0.004542794078588486,-0.005397132597863674,-4.141749625319345,0.00071358042520324
23.32782745361328,-26.367233276367188,-0.007869877852499485,-0.003850889392197132,-4.141755317826174,-0.0012361975223030702
23.42883801460266,-26.367095947265625,-0.006312699988484383,-0.002978511853143573,-4.141733746221345,-0.0009915965954069455
23.528842449188232,-26.36728286743164,0.010831078514456749,0.0002341375220566988,-4.141763107572363,0.0017013418345735787
23.628854751586914,-26.367237091064453,0.035134878009557724,-0.012927028350532055,-4.14175591703742,0.005518973731980006
23.728864431381226,-26.36716651916504,-0.012682946398854256,-0.001517762430012226,-4.141744831629382,-0.0019922325616256826
23.828874588012695,-26.367351531982422,0.0014210123335942626,-0.00631905859336257,-4.141773893374778,0.00022321209539401122
23.928874254226685,-26.367313385009766,0.029710883274674416,-0.010551550425589085,-4.141767901262326,0.004666974631369051
24.028881072998047,-26.36728286743164,0.004438509698957205,-0.0010806728387251496,-4.141763107572363,0.00069719947315655
24.1289119720459,-26.367164611816406,-0.027643689885735512,-0.004298796411603689,-4.14174453202376,-0.004342260653157058
24.228934049606323,-26.367063522338867,-0.013651499524712563,-0.0035125380381941795,-4.14172865292576,-0.002144372530866077
24.32895565032959,-26.367122650146484,-0.030221592634916306,0.0016622322145849466,-4.141737940700062,-0.004747196670081824
24.429235696792603,-26.367183685302734,-0.02420896850526333,-0.005940621253103018,-4.141747528079986,-0.0038027358803560973
24.529978036880493,-26.367151260375977,0.007508144713938236,-0.006983594968914986,-4.141742434784401,0.0011793766137698702
24.62998390197754,-26.367189407348633,0.031186092644929886,-0.010490763932466507,-4.141748426896854,0.004898699977374121
24.729984045028687,-26.3671875,0.00308250286616385,-0.007108719553798437,-4.1417481272912315,0.00048419841795049163
24.829983234405518,-26.36725616455078,0.011076993308961391,-0.011014335788786411,-4.141758913093646,0.0017399700401648202
24.9299795627594,-26.367172241210938,0.015152452513575554,-0.008981801569461823,-4.14174573044625,0.002380141675025858
25.029977560043335,-26.36726951599121,-0.03329867124557495,-0.0007210650364868343,-4.1417610103330045,-0.005230543047969998
25.129996299743652,-26.367130279541016,0.01960045099258423,-0.01171025913208723,-4.141739139122552,0.003078831642267469
25.230000495910645,-26.36724281311035,0.013945440761744976,-0.00766999926418066,-4.141756815854288,0.0021905447124084833
25.33002996444702,-26.367223739624023,-0.014702037908136845,-0.005782770924270153,-4.141753819798061,-0.002309390714250068
25.430028676986694,-26.367218017578125,0.003447572933509946,0.0007999157533049583,-4.141752920981193,0.0005415434900314929
25.530016660690308,-26.367019653320312,0.023593952879309654,-0.009127369150519371,-4.14172176199644,0.003706129451739148
25.631004810333252,-26.367170333862305,-0.02622062712907791,-0.006492398679256439,-4.141745430840628,-0.00411872647806142
25.73102378845215,-26.36708641052246,0.01622535102069378,-0.0090333865955472,-4.1417322481932315,0.0025486721784263614
25.831023693084717,-26.367095947265625,-0.007236540783196688,-0.003470752388238907,-4.141733746221345,-0.0011367131680946822
25.931021451950073,-26.367177963256836,-0.014463607221841812,-0.0099757369607687,-4.141746629263118,-0.0022719381096273257
26.031023502349854,-26.36712646484375,-0.02083384059369564,-0.0015420285053551197,-4.141738539911307,-0.003272572027760752
26.131035089492798,-26.367219924926758,-0.049794238060712814,-0.0015507045900449157,-4.141753220586816,-0.007821660624131832
26.231072902679443,-26.367141723632812,0.00975080206990242,-0.003040750976651907,-4.141740936756288,0.0015316524074706797
26.331064701080322,-26.367246627807617,0.008901434019207954,-0.004344428889453411,-4.141757415065533,0.001398233986057899
26.431060552597046,-26.367273330688477,0.024994686245918274,-0.009265394881367683,-4.1417616095442495,0.003926156134447935
26.531067609786987,-26.36716651916504,0.012947091832756996,-0.00801132246851921,-4.141744831629382,0.0020337244293570896
26.631086111068726,-26.36713409423828,-0.0045990231446921825,-0.010065373964607716,-4.141739738333798,-0.0007224128662527195
26.731090307235718,-26.36727523803711,0.0022182511165738106,-0.0030156078282743692,-4.1417619091498725,0.000348442070582282
26.83110022544861,-26.367223739624023,-0.031436022371053696,-0.001899020280689001,-4.141753819798061,-0.0049379588469493346
26.93216300010681,-26.367259979248047,-0.02708488702774048,0.001866704784333706,-4.141759512304891,-0.004254484105482949
27.0321683883667,-26.367191314697266,-0.022808270528912544,-0.008537587709724903,-4.141748726502477,-0.0035827147567360114
27.132192850112915,-26.367172241210938,-0.031093306839466095,-0.009623302146792412,-4.14174573044625,-0.004884125217133998
27.232199668884277,-26.36713409423828,-0.007676124572753906,-0.006727848667651415,-4.141739738333798,-0.0012057628282901882
27.332186460494995,-26.367286682128906,0.0004897105391137302,-0.005508799105882645,-4.141763706783609,7.69235516032596e-05
27.43218684196472,-26.367141723632812,-0.03300809860229492,-0.004796953871846199,-4.141740936756288,-0.005184900003896862
27.532203197479248,-26.529821395874023,-3.732954502105713,-0.0032316455617547035,-4.1672945999163575,-0.5863711220000126
27.632197856903076,-27.095378875732422,-7.6199951171875,-0.019393952563405037,-4.256132161111653,-1.1969460340273173
27.73219919204712,-28.062776565551758,-11.783119201660156,-0.007985668256878853,-4.40809063488346,-1.8508880360154187
27.83222198486328,-29.430883407592773,-15.666457176208496,-0.024698860943317413,-4.62299235509756,-2.4608813386277855
27.932230949401855,-31.206050872802734,-19.75580596923828,0.004238917492330074,-4.901835008477321,-3.1032347449352184
28.032208919525146,-33.214447021484375,-20.084548950195312,0.015203062444925308,-5.217313137787135,-3.1548735716299094
28.132209062576294,-35.22181701660156,-19.99204444885254,0.006459983065724373,-5.532630079271971,-3.140342998537787
28.232208728790283,-37.22797775268555,-19.894285202026367,0.00624551996588707,-5.847757070792059,-3.1249870119553087
28.332221031188965,-39.2328987121582,-19.84511947631836,0.0059984419494867325,-6.162689318657434,-3.1172640778206744
28.432228803634644,-41.23686599731445,-19.819446563720703,0.0009640580974519253,-6.477471763711492,-3.113231386140022
28.53223443031311,-43.24272155761719,-19.802047729492188,0.014806491322815418,-6.792550818331957,-3.1104983836503552
28.632254362106323,-45.245521545410156,-19.781835556030273,0.004415521863847971,-7.107149904744962,-3.1073234628673037
28.733262538909912,-47.25005340576172,-19.627105712890625,-0.008089855313301086,-7.42202103306332,-3.083018555942372
28.833273887634277,-49.26641845703125,-19.570253372192383,-0.0007931278087198734,-7.738750914664499,-3.0740882111485233
28.933284282684326,-51.267822265625,-19.551414489746094,-0.006484577897936106,-8.053130689761735,-3.071129006413768
29.033275842666626,-53.2690315246582,-19.639631271362305,-0.011113597080111504,-8.367479905085466,-3.084986066066209
29.133286237716675,-55.269954681396484,-19.584091186523438,-0.017052261158823967,-8.6817841795658,-3.0762618499407326
29.233299732208252,-57.27080535888672,-19.57415771484375,-0.01899394579231739,-8.996077069032474,-3.074701503858055
29.3332998752594,-59.27140426635742,-19.572019577026367,-0.028800755739212036,-9.310330410556961,-3.0743656459550825
29.433311223983765,-61.27208709716797,-19.576128005981445,-0.018853379413485527,-9.624596934728842,-3.075010996466236
29.53337526321411,-63.272525787353516,-19.572612762451172,-0.020008739084005356,-9.938825109381028,-3.0744588233037216
29.63337516784668,-65.27519989013672,-19.556610107421875,-0.024664083495736122,-10.25340442182294,-3.071945132129823
29.73339033126831,-67.27521514892578,-19.55656623840332,-0.02956405282020569,-10.5675660840269,-3.0719382412005025
29.833399057388306,-69.27552032470703,-19.5729923248291,-0.024158300831913948,-10.881773286285501,-3.0745184448226257
29.933401346206665,-71.27571868896484,-19.52672004699707,-0.033487360924482346,-11.195963710629234,-3.067250012417527
30.033397674560547,-73.27593231201172,-19.52957534790039,-0.027925072237849236,-11.510156531817948,-3.06769852203461
30.133392810821533,-75.27606964111328,-19.51906967163086,-0.030748119577765465,-11.824337368781757,-3.0660482942651424
30.233402490615845,-77.1119613647461,-16.771835327148438,0.05255415290594101,-12.112718566369315,-2.6345137325493653
30.33341407775879,-78.5455551147461,-12.804391860961914,0.07681717723608017,-12.337906946030927,-2.0113091702041443
30.433416843414307,-79.57928466796875,-8.419511795043945,0.02474389411509037,-12.500284804541074,-1.3225338201061336
30.534412622451782,-80.21210479736328,-4.2340850830078125,0.01162484847009182,-12.599687958018556,-0.6650885295725737
30.634413719177246,-80.4373550415039,-0.32260632514953613,0.01874629594385624,-12.63507018362913,-0.050674883054569145
30.734419107437134,-80.43063354492188,0.06390750408172607,-0.0005584722384810448,-12.634014373414969,0.010038567266620517
30.83444094657898,-80.42721557617188,-0.02096204273402691,0.006997403688728809,-12.633477480139208,-0.0032927099728727125
30.93443536758423,-80.42568969726562,0.02273561805486679,0.00594436377286911,-12.6332377956411,0.0035713025327996487
31.034440994262695,-80.42528533935547,-0.006343990098685026,0.008181334473192692,-12.633174279249102,-0.0009965116344237634
31.134445190429688,-80.4249038696289,-0.016990862786769867,0.006654998753219843,-12.633114358124576,-0.0026689184854534207
31.234457969665527,-80.42469024658203,0.014100417494773865,0.004376929719001055,-12.633080802294842,0.002214888400706528
31.3344624042511,-80.4245376586914,0.0041538989171385765,0.010542689822614193,-12.63305683384503,0.0006524929160918575
31.434455394744873,-80.42459869384766,-0.038344208151102066,0.005033252760767937,-12.633066421224953,-0.006023094131761006
31.53447651863098,-80.42457580566406,0.011671540327370167,0.005395221523940563,-12.633062825957483,0.0018333612674271563
31.634472846984863,-80.42437744140625,0.014718827791512012,0.008639766834676266,-12.633031666972729,0.002312028062963371
31.734495162963867,-80.42437744140625,-0.030766978859901428,0.007811158429831266,-12.633031666972729,-0.00483286573797094
31.834505796432495,-80.42433166503906,0.026609942317008972,0.0002044830471277237,-12.633024476437786,0.0041798799647781775
31.934507846832275,-80.42438507080078,-0.02778676152229309,0.006425600964576006,-12.633032865395219,-0.004364734293274376
32.035505294799805,-80.42443084716797,-0.011343332007527351,0.013110051862895489,-12.633040055930163,-0.0017818064251038945
32.135523319244385,-80.42448425292969,0.0027829722966998816,0.00350043922662735,-12.633048444887596,0.00043714826612281307
32.235578536987305,-80.42443084716797,-0.015083505772054195,-0.000698489136993885,-12.633040055930163,-0.0023693115461932354
32.33558988571167,-80.42439270019531,-0.000748586724512279,0.01106629054993391,-12.63303406381771,-0.00011758772771513111
32.43559432029724,-80.42445373535156,-0.0018065589247271419,0.009716215543448925,-12.633043651197633,-0.00028377361230999326
32.535600423812866,-80.42439270019531,0.006582789123058319,0.008782562799751759,-12.63303406381771,0.0010340220974565408
32.635603189468384,-80.42440032958984,-0.004451533313840628,0.008197836577892303,-12.633035262240199,-0.0006992452177985971
32.7356071472168,-80.42430877685547,-0.008869724348187447,0.003613855689764023,-12.633020881170314,-0.00139325304258161
32.83560609817505,-80.4244155883789,-0.023830492049455643,0.008878987282514572,-12.633037659085181,-0.003743284937699991
32.935614585876465,-80.4244384765625,0.03084932453930378,0.004032925236970186,-12.633041254352653,0.004845800567044204
33.0356080532074,-80.42440032958984,-0.00112855841871351,0.0013817418366670609,-12.633035262240199,-0.00017727354186886383
33.13562035560608,-80.42428588867188,-0.0176092516630888,0.0046374904923141,-12.633017285902842,-0.002766054782998681
33.235618591308594,-80.42443084716797,-0.006560041569173336,0.0007813973352313042,-12.633040055930163,-0.0010304489200479306
33.335630655288696,-80.42443084716797,-0.0030359174124896526,0.010153796523809433,-12.633040055930163,-0.0004768807919991413
33.43562722206116,-80.42433166503906,-0.012885572388768196,0.003826325526461005,-12.633024476437786,-0.0020240609776926827
33.53564095497131,-80.42439270019531,0.016864608973264694,0.010885369032621384,-12.63303406381771,0.0026490865828036436
33.635645151138306,-80.42442321777344,-0.009495552629232407,0.011052606627345085,-12.633038857507671,-0.0014915579190885888
33.73565101623535,-80.42440795898438,-0.011574262753129005,0.006463299039751291,-12.63303646066269,-0.001818080941797403
33.83565878868103,-80.42430114746094,-0.019218550994992256,0.00017324555665254593,-12.633019682747822,-0.0030188429309254243
33.93566536903381,-80.42431640625,0.03557301312685013,0.006352793425321579,-12.633022079592806,0.005587795835268282
34.03667974472046,-80.42437744140625,-0.02203487604856491,0.006577890366315842,-12.633031666972729,-0.003461230235846661
34.13668131828308,-80.42423248291016,-0.029537606984376907,0.008760032244026661,-12.633008896945409,-0.004639756455337053
